,beatmapset_id,beatmap_id,approved,total_length,hit_length,version,file_md5,diff_size,diff_overall,diff_approach,diff_drain,mode,count_normal,count_slider,count_spinner,submit_date,approved_date,last_update,artist,title,creator,creator_id,bpm,source,tags,genre_id,language_id,favourite_count,rating,download_unavailable,audio_unavailable,playcount,passcount,max_combo,diff_aim,diff_speed,difficultyrating
0,13169,48886,1,143,143,Normal,eea6370846f8d4e7a1a88b8d595d2d7b,4,4,4,3,0,90,83,0,2010-02-16 22:27:54,2010-06-02 18:15:18,2010-05-21 22:15:47,07th Expansion,Aci-L,AngelHoney,104401,162,Umineko no Naku Koro ni,ep5 -45 iidx ignorethis AHO,2,3,77,9.00716,0,0,53977,21832,368,0.7514411807060242,0.8372550010681152,1.6316031217575073
1,13169,51000,1,143,114,Hard,004177e4606cb0d1e45cd111c4823805,5,6,6,4,0,143,138,0,2010-02-16 22:27:54,2010-06-02 18:15:18,2010-05-21 22:15:47,07th Expansion,Aci-L,AngelHoney,104401,162,Umineko no Naku Koro ni,ep5 -45 iidx ignorethis AHO,2,3,77,9.00716,0,0,68923,12118,637,1.8135043382644653,1.6148117780685425,3.5276622772216797
2,13169,49612,1,143,131,ignore's Insane,b261b27d536c93cd0db9ba9671715718,4,8,8,6,0,434,168,1,2010-02-16 22:27:54,2010-06-02 18:15:18,2010-05-21 22:15:47,07th Expansion,Aci-L,AngelHoney,104401,162,Umineko no Naku Koro ni,ep5 -45 iidx ignorethis AHO,2,3,77,9.00716,0,0,104866,15147,807,2.178722381591797,2.343822956085205,4.605095386505127
3,14208,52922,1,59,34,Kyojinhei,db3783d8fc11d6924ae32ee001af5309,3,3,3,3,0,15,8,4,2010-03-23 13:35:12,2010-04-26 08:10:03,2010-04-23 03:21:06,07th Expansion,Akai Tsukunise,soulfear,226171,174.98,Umineko no Naku Koro ni,ep3 beatrice vs virgilia lepidopodus lepidon! Akai Kutsunise,2,5,152,9.02301,0,0,141018,84105,43,0.5287078022956848,0.548048734664917,1.0864269733428955
4,14208,52372,1,62,38,Kami no Tate,5ae8ba27cb94613b202305396204fa38,3,4,4,3,0,25,30,4,2010-03-23 13:35:12,2010-04-26 08:10:03,2010-04-23 03:21:06,07th Expansion,Akai Tsukunise,soulfear,226171,174.98,Umineko no Naku Koro ni,ep3 beatrice vs virgilia lepidopodus lepidon! Akai Kutsunise,2,5,152,9.02301,0,0,94096,50057,91,0.8019167184829712,0.8893679976463318,1.7350103855133057
5,14208,52352,1,226,177,Smothered Mate,45470516e80619c5cd0bde6099debdaa,4,8,8,5,0,272,215,13,2010-03-23 13:35:12,2010-04-26 08:10:03,2010-04-23 03:21:06,07th Expansion,Akai Tsukunise,soulfear,226171,174.98,Umineko no Naku Koro ni,ep3 beatrice vs virgilia lepidopodus lepidon! Akai Kutsunise,2,5,152,9.02301,0,0,123780,14117,740,1.8553063869476318,1.9345991611480713,3.829551935195923
6,14208,52128,1,240,191,Souken no Tou,872b19d66a4011ff2d01481cc81a1295,5,8,8,5,0,386,262,13,2010-03-23 13:35:12,2010-04-26 08:10:03,2010-04-23 03:21:06,07th Expansion,Akai Tsukunise,soulfear,226171,174.98,Umineko no Naku Koro ni,ep3 beatrice vs virgilia lepidopodus lepidon! Akai Kutsunise,2,5,152,9.02301,0,0,120963,21154,953,1.9924242496490479,2.2439050674438477,4.362070083618164
7,27852,93382,1,138,101,Easy,6b12ffb48497bd9d8b682cf85846c297,3,3,3,3,0,42,68,3,2011-03-23 16:28:12,2011-04-22 12:41:18,2011-04-08 08:11:07,07th Expansion,Birth of New Witch (Instrumental),Lanttu,57448,184,Umineko no Naku Koro ni Chiru,ep6 luck ganriki yunacat,3,5,197,9.49068,0,0,92011,37890,208,0.8584592938423157,0.7651570439338684,1.6702674627304077
8,27852,93265,1,138,101,Normal,8daab439581400f576e6289875861d88,4,5,5,5,0,27,99,4,2011-03-23 16:28:12,2011-04-22 12:41:18,2011-04-08 08:11:07,07th Expansion,Birth of New Witch (Instrumental),Lanttu,57448,184,Umineko no Naku Koro ni Chiru,ep6 luck ganriki yunacat,3,5,197,9.49068,0,0,129620,58221,256,1.0885354280471802,0.9365108609199524,2.1010584831237793
9,27852,93133,1,138,101,Hard,a536642105ea41aa8d29d48b328f06f2,4,7,7,7,0,92,128,4,2011-03-23 16:28:12,2011-04-22 12:41:18,2011-04-08 08:11:07,07th Expansion,Birth of New Witch (Instrumental),Lanttu,57448,184,Umineko no Naku Koro ni Chiru,ep6 luck ganriki yunacat,3,5,197,9.49068,0,0,300830,66829,376,1.5044009685516357,1.3797452449798584,2.946474075317383
10,11739,45279,1,169,137,Red Truth,d0857cab1871c2a262fc2fdf7bbd1b38,4,3,3,3,0,108,66,4,2009-12-29 01:11:53,2011-02-14 06:22:14,2011-02-13 10:26:41,07th Expansion,discolor,Azure_Kyte,66296,160,Umineko no Naku Koro ni Chiru,zts,2,5,184,9.39686,0,0,51248,15215,333,0.9904714226722717,0.9621128439903259,1.9667634963989258
11,11739,44623,1,169,145,Blue Truth,920aa8ca5ad4ade8a1e24edfbb80676a,5,5,5,5,0,259,96,6,2009-12-29 01:11:53,2011-02-14 06:22:14,2011-02-13 10:26:41,07th Expansion,discolor,Azure_Kyte,66296,160,Umineko no Naku Koro ni Chiru,zts,2,5,184,9.39686,0,0,103440,19570,505,1.3701931238174438,1.4414453506469727,2.847264528274536
12,11739,45278,1,169,145,Gold Truth,6c52faa74cbe149369036b2e7e793e7a,5,8,8,7,0,324,113,5,2009-12-29 01:11:53,2011-02-14 06:22:14,2011-02-13 10:26:41,07th Expansion,discolor,Azure_Kyte,66296,160,Umineko no Naku Koro ni Chiru,zts,2,5,184,9.39686,0,0,187893,29746,584,2.2054684162139893,1.8169245719909668,4.216664791107178
13,22333,81007,2,337,317,Collab,4b0631a98184d1353a388cf11bc4e949,4,8,8,6,0,534,430,4,2010-11-09 15:15:51,2010-12-25 23:31:43,2010-12-16 18:56:04,07th Expansion,Dread of the Grave,y u c a,93392,160,Umineko no Naku Koro ni,mellon quintitem tsuka natteke ignorethis,2,5,44,9.60317,0,0,84861,12236,1524,2.1028382778167725,2.078868865966797,4.193691730499268
14,29394,107023,1,173,125,Mukku's Easy,e2e9ce244e70d9c05f2a108d43c700c2,3,1,2,3,0,69,57,1,2011-04-25 20:22:47,2012-01-25 17:00:38,2012-01-17 21:00:44,07th Expansion,Dread of the grave -More fear-,Lanttu,57448,156,Umineko no Naku Koro ni,chiru yune mukku theowest,2,5,67,9.24794,0,0,19027,8701,238,0.7762226462364197,0.6998764276504517,1.5142720937728882
15,29394,101883,1,173,124,Normal,679bf25e95a9b383e9b42ada5bc30dbb,4,2,4,3,0,51,115,1,2011-04-25 20:22:47,2012-01-25 17:00:38,2012-01-17 21:00:44,07th Expansion,Dread of the grave -More fear-,Lanttu,57448,156,Umineko no Naku Koro ni,chiru yune mukku theowest,2,5,67,9.24794,0,0,36080,14391,326,1.175345778465271,0.9384430050849915,2.2322402000427246
16,29394,103669,1,173,110,theowest's Hard,3cee331843fac87eb9cbef3b817102dc,4,6,7,5,0,104,160,0,2011-04-25 20:22:47,2012-01-25 17:00:38,2012-01-17 21:00:44,07th Expansion,Dread of the grave -More fear-,Lanttu,57448,156,Umineko no Naku Koro ni,chiru yune mukku theowest,2,5,67,9.24794,0,0,51267,15549,470,1.5681029558181763,1.4300925731658936,3.0672006607055664
17,29394,97531,1,173,134,Insane,d61645356d021c4d1cda0358ae7bd0ad,5,8,8,6,0,233,145,2,2011-04-25 20:22:47,2012-01-25 17:00:38,2012-01-17 21:00:44,07th Expansion,Dread of the grave -More fear-,Lanttu,57448,156,Umineko no Naku Koro ni,chiru yune mukku theowest,2,5,67,9.24794,0,0,67865,18665,554,1.8989228010177612,1.9173928499221802,3.8255507946014404
18,16258,58810,1,201,173,Normal,6e5fd2d5de35b28432fa0a319aacdca6,3,5,5,4,0,136,95,6,2010-05-26 11:30:44,2010-06-22 00:20:10,2010-06-22 00:17:55,07th Expansion,dreamenddischarger,AngelHoney,104401,140,Umineko no Naku Koro ni,zts AHO,2,5,137,9.36679,0,0,85443,33963,409,0.8077962398529053,0.9580915570259094,1.8410354852676392
19,16258,58360,1,201,192,Hard,f88397a780eee8e626b3c0160a31d965,4,7,7,5,0,281,244,4,2010-05-26 11:30:44,2010-06-22 00:20:10,2010-06-22 00:17:55,07th Expansion,dreamenddischarger,AngelHoney,104401,140,Umineko no Naku Koro ni,zts AHO,2,5,137,9.36679,0,0,206106,42191,812,1.5697304010391235,1.7244232892990112,3.371500253677368
20,16258,58361,1,201,195,Insane,364b598eb3b8c5956a3fb6d7739e86b7,4,8,8,5,0,435,217,7,2010-05-26 11:30:44,2010-06-22 00:20:10,2010-06-22 00:17:55,07th Expansion,dreamenddischarger,AngelHoney,104401,140,Umineko no Naku Koro ni,zts AHO,2,5,137,9.36679,0,0,215409,50708,912,2.001866579055786,2.1196815967559814,4.180455684661865
21,17425,62461,1,187,145,Easy,fa7b0dbb174748094b6d9f4f150fa392,4,4,4,3,0,48,76,8,2010-06-27 17:26:18,2010-08-01 22:36:08,2010-08-01 22:31:16,07th Expansion,dreamenddischarger,[DBF],61866,140,Umineko no Naku Koro ni,visual novel when they cry,2,5,73,9.11536,0,0,36620,15796,230,0.7843413949012756,0.7679356932640076,1.5604798793792725
22,17425,62162,1,232,197,Normal,64e4226e56acc9def587c2f2f886d266,4,5,5,5,0,90,173,6,2010-06-27 17:26:18,2010-08-01 22:36:08,2010-08-01 22:31:16,07th Expansion,dreamenddischarger,[DBF],61866,140,Umineko no Naku Koro ni,visual novel when they cry,2,5,73,9.11536,0,0,64889,21593,525,1.0592849254608154,1.0374317169189453,2.1076431274414062
23,17425,62161,1,232,199,Hard,9fcefe85e4b00d95b3074acfa3a4c6ab,4,7,7,7,0,198,226,5,2010-06-27 17:26:18,2010-08-01 22:36:08,2010-08-01 22:31:16,07th Expansion,dreamenddischarger,[DBF],61866,140,Umineko no Naku Koro ni,visual novel when they cry,2,5,73,9.11536,0,0,132486,23370,842,1.6661078929901123,2.0839319229125977,3.958951950073242
24,29886,100024,1,201,168,Normal,11d0656d8a87e34993a0b4b7149afc47,3,3,4,2,0,104,113,5,2011-05-06 12:58:29,2012-06-06 12:47:31,2012-06-06 12:43:09,07th Expansion,dreamenddischarger,Regou,419954,140,Umineko no Naku Koro ni,evil_twilight wmfchris when they cry zts,2,5,56,9.33145,0,0,22155,8775,410,0.8981359601020813,0.9140743017196655,1.8201794624328613
25,29886,100022,1,201,187,Evil's Hard,31f484f69ac839c6193fba0ba11d3ad9,4,5,7,6,0,185,245,2,2011-05-06 12:58:29,2012-06-06 12:47:31,2012-06-06 12:43:09,07th Expansion,dreamenddischarger,Regou,419954,140,Umineko no Naku Koro ni,evil_twilight wmfchris when they cry zts,2,5,56,9.33145,0,0,49874,11528,751,1.5565218925476074,1.4764490127563477,3.073007345199585
26,29886,100023,1,201,182,Insane,eede4ed84ecba3ba250a440856539c0a,4,7,8,8,0,375,207,5,2011-05-06 12:58:29,2012-06-06 12:47:31,2012-06-06 12:43:09,07th Expansion,dreamenddischarger,Regou,419954,140,Umineko no Naku Koro ni,evil_twilight wmfchris when they cry zts,2,5,56,9.33145,0,0,66147,10079,857,2.108440637588501,1.926156759262085,4.125739574432373
27,32201,105891,2,302,296,Collab,b7b61b0f6b7f8e4a1c1cd9f57b2e01b2,4,7,8,7,0,483,398,2,2011-06-22 16:37:40,2011-08-03 09:39:10,2011-08-03 08:59:45,07th Expansion,dreamenddischarger,Natteke,157177,140,Umineko no Naku Koro ni,la cataline glass mmzz zts,2,5,84,9.61029,0,0,147590,23068,1350,1.8256888389587402,1.946681261062622,3.8328664302825928
28,36595,173522,1,201,180,Normal,b8b4688c1d8bcb2ab5d33778069680d3,4,3,4,3,0,119,114,4,2011-09-16 08:06:39,2012-10-28 09:34:47,2012-10-28 09:12:30,07th Expansion,dreamenddischarger,Heatherfield,296087,140,Umineko no Naku Koro ni,when they cry zts yuka baca y_u_c_a aiaiclala,2,5,130,9.32963,0,0,52633,21970,568,1.0364469289779663,0.9293067455291748,2.0193238258361816
29,36595,177713,1,201,201,yuca,dee9d500d0fffc8583e0050ccfe16ca1,4,5,7,5,0,259,207,2,2011-09-16 08:06:39,2012-10-28 09:34:47,2012-10-28 09:12:30,07th Expansion,dreamenddischarger,Heatherfield,296087,140,Umineko no Naku Koro ni,when they cry zts yuka baca y_u_c_a aiaiclala,2,5,130,9.32963,0,0,92025,23683,879,1.8278127908706665,1.7034409046173096,3.5934395790100098
30,36595,169393,1,201,188,Dream End,c3cae993d2ddacc89d5d694f000f6006,4,7,8,7,0,499,210,1,2011-09-16 08:06:39,2012-10-28 09:34:47,2012-10-28 09:12:30,07th Expansion,dreamenddischarger,Heatherfield,296087,140,Umineko no Naku Koro ni,when they cry zts yuka baca y_u_c_a aiaiclala,2,5,130,9.32963,0,0,140757,23980,936,2.3784475326538086,2.175999164581299,4.655670642852783
31,38235,124321,2,228,191,Collapse,f9e18a5b5f9cc08956a7901a2f616c06,4,7,8,7,0,578,253,0,2011-10-16 19:23:58,2011-12-27 19:54:12,2011-12-27 18:55:54,07th Expansion,Eiji Kuinbii,Natteke,157177,153,Umineko no Naku Koro ni,when they cry ep6 -45,2,5,325,9.60147,0,0,1138590,116561,1180,2.0484156608581543,2.357642412185669,4.560671329498291
32,26226,88631,1,120,111,Easy,e34b21b5e5833b5016d520e79026809e,3,1,1,2,0,70,63,3,2011-02-16 18:14:21,2011-03-02 20:24:53,2011-03-02 20:21:55,07th Expansion,Final Answer,gowww,119404,180,Umineko no Naku Koro ni,dai,2,5,249,9.4005,0,0,67512,32614,263,0.7535353899002075,0.7070012092590332,1.4838037490844727
33,26226,88634,1,120,111,Normal,15d6a0b412407cb9bc1331acc282e89e,3,3,3,2,0,68,94,3,2011-02-16 18:14:21,2011-03-02 20:24:53,2011-03-02 20:21:55,07th Expansion,Final Answer,gowww,119404,180,Umineko no Naku Koro ni,dai,2,5,249,9.4005,0,0,183377,83190,362,1.0869709253311157,1.105851173400879,2.2022621631622314
34,26226,88632,1,121,112,Hard,f767caec740c3cf1a543a25cf6351328,4,7,7,5,0,201,128,3,2011-02-16 18:14:21,2011-03-02 20:24:53,2011-03-02 20:21:55,07th Expansion,Final Answer,gowww,119404,180,Umineko no Naku Koro ni,dai,2,5,249,9.4005,0,0,363498,79129,553,1.7402273416519165,2.1824769973754883,4.143829345703125
35,26226,88633,1,190,172,Insane,6d6ba20c90562381c1d89465e2c3394f,4,8,8,6,0,495,146,4,2011-02-16 18:14:21,2011-03-02 20:24:53,2011-03-02 20:21:55,07th Expansion,Final Answer,gowww,119404,180,Umineko no Naku Koro ni,dai,2,5,249,9.4005,0,0,525471,80150,893,2.237016201019287,2.4418320655822754,4.781256198883057
36,36272,117232,2,201,194,Question,5873551cd36264f1e0758c7008e0f2b6,4,8,9,7,0,643,283,0,2011-09-08 04:20:26,2011-11-22 04:34:56,2011-11-16 20:35:19,07th Expansion,Final Answer,Shiirn,465126,180,Umineko no Naku Koro ni Chiru,dai onosakihito,2,5,110,8.91771,0,0,292234,43395,1373,2.4876797199249268,2.515393018722534,5.0169291496276855
37,37729,130917,1,222,179,Normal,386b9cf94dbeca0f3491e748397d3711,3,3,4,3,0,122,103,3,2011-10-07 16:18:53,2012-03-21 18:24:44,2012-03-21 18:09:48,07th Expansion,goldenslaughterer,La Cataline,301279,133,Umineko no Naku Koro ni,when they cry zts visual novel alace alazy,2,5,117,9.38499,0,0,26747,13028,497,0.862855851650238,0.8466925024986267,1.7176300287246704
38,37729,131495,1,222,180,Light,dedbc886e119b75728d239e646eb17fa,4,6,7,5,0,207,230,0,2011-10-07 16:18:53,2012-03-21 18:24:44,2012-03-21 18:09:48,07th Expansion,goldenslaughterer,La Cataline,301279,133,Umineko no Naku Koro ni,when they cry zts visual novel alace alazy,2,5,117,9.38499,0,0,60509,14804,731,1.4361923933029175,1.4885938167572021,2.950986862182617
39,37729,121197,1,222,182,Hard,2757d97c84846e35cac0ca5c5322a24f,4,7,8,6,0,366,250,3,2011-10-07 16:18:53,2012-03-21 18:24:44,2012-03-21 18:09:48,07th Expansion,goldenslaughterer,La Cataline,301279,133,Umineko no Naku Koro ni,when they cry zts visual novel alace alazy,2,5,117,9.38499,0,0,151376,28223,912,1.8101433515548706,1.9843164682388306,3.8815464973449707
40,34909,114123,1,92,91,fanzhen's Easy,d78d7705c021d44e4647fdb6cff8ba83,3,2,4,2,0,31,57,0,2011-08-12 17:37:27,2011-09-30 02:56:08,2011-09-20 07:36:48,07th Expansion,HANE,Kanon,109249,131,Umineko no Naku Koro Ni,selee nymph_ when they cry fanzhen0019 dai feathers,2,5,96,9.41817,0,0,36693,18382,292,0.7067878246307373,0.6297962069511414,1.375079870223999
41,34909,114124,1,92,91,Nymph's Normal,e0c187c5d8087d186c4a4cd2de6b1916,4,4,5,3,0,43,92,1,2011-08-12 17:37:27,2011-09-30 02:56:08,2011-09-20 07:36:48,07th Expansion,HANE,Kanon,109249,131,Umineko no Naku Koro Ni,selee nymph_ when they cry fanzhen0019 dai feathers,2,5,96,9.41817,0,0,58036,25533,268,0.9665208458900452,0.9292539358139038,1.9144082069396973
42,34909,114145,1,92,91,Hard,ec0f1a26e75a352fb490a8117544d012,4,5,7,5,0,166,90,1,2011-08-12 17:37:27,2011-09-30 02:56:08,2011-09-20 07:36:48,07th Expansion,HANE,Kanon,109249,131,Umineko no Naku Koro Ni,selee nymph_ when they cry fanzhen0019 dai feathers,2,5,96,9.41817,0,0,95350,24893,367,1.594688057899475,1.5761165618896484,3.1800904273986816
43,34909,114125,1,92,92,Selee's Insane,476322b858c1727c75036f96ddeb714c,5,7,7,7,0,234,87,0,2011-08-12 17:37:27,2011-09-30 02:56:08,2011-09-20 07:36:48,07th Expansion,HANE,Kanon,109249,131,Umineko no Naku Koro Ni,selee nymph_ when they cry fanzhen0019 dai feathers,2,5,96,9.41817,0,0,118133,24212,424,1.9017657041549683,1.698699712753296,3.701998472213745
44,24029,82044,1,139,129,Easy,f7d5d65de3217696862bcb0fd0fb5467,3,2,2,2,0,67,77,1,2010-12-24 15:36:40,2011-03-19 08:53:50,2011-03-18 15:06:25,07th Expansion,Happiness of Marionette,gdeath,104700,98,Umineko no Naku Koro ni,dai video game seagulls when they cry visual novel huang99520 bakahuang,2,5,191,9.43066,0,0,58975,27909,260,0.8484984040260315,0.7702347040176392,1.6578649282455444
45,24029,81899,1,139,137,Normal,70b48092b1276e68eb3b094aacaaf063,4,5,5,5,0,134,95,0,2010-12-24 15:36:40,2011-03-19 08:53:50,2011-03-18 15:06:25,07th Expansion,Happiness of Marionette,gdeath,104700,98,Umineko no Naku Koro ni,dai video game seagulls when they cry visual novel huang99520 bakahuang,2,5,191,9.43066,0,0,117067,48282,346,1.12468683719635,1.0051994323730469,2.1896297931671143
46,24029,81898,1,139,137,Hard,250f8e16888f3567b0f148f1be78205c,4,7,8,6,0,307,77,0,2010-12-24 15:36:40,2011-03-19 08:53:50,2011-03-18 15:06:25,07th Expansion,Happiness of Marionette,gdeath,104700,98,Umineko no Naku Koro ni,dai video game seagulls when they cry visual novel huang99520 bakahuang,2,5,191,9.43066,0,0,224464,61468,482,1.8380614519119263,1.3498533964157104,3.432018995285034
47,32726,108396,1,161,121,Calm,87473a6f1c6a63fab099a0358023d667,3,2,5,2,0,30,100,1,2011-07-03 04:58:06,2011-07-15 02:29:13,2011-07-15 02:27:02,07th Expansion,haze,Shiirn,465126,167,Umineko no Naku Koro ni,natteke lanttu,2,5,70,9.45324,0,0,19432,10475,355,0.8034255504608154,0.7689309120178223,1.5896037817001343
48,32726,108397,1,161,121,Lanttu,d9b02f506c58dbf89b86ceacab07b2f4,3,3,5,2,0,20,131,1,2011-07-03 04:58:06,2011-07-15 02:29:13,2011-07-15 02:27:02,07th Expansion,haze,Shiirn,465126,167,Umineko no Naku Koro ni,natteke lanttu,2,5,70,9.45324,0,0,23712,11549,343,0.9769326448440552,0.8197400569915771,1.8752690553665161
49,32726,108399,1,161,121,Shiirn,1117fd69ab4984c3839446668e84b2cb,4,6,7,6,0,129,181,1,2011-07-03 04:58:06,2011-07-15 02:29:13,2011-07-15 02:27:02,07th Expansion,haze,Shiirn,465126,167,Umineko no Naku Koro ni,natteke lanttu,2,5,70,9.45324,0,0,67313,15455,612,1.573099970817566,1.627550482749939,3.2278757095336914
50,32726,108398,1,161,121,Natteke,60d01cfcfee54dd5d5e45a374e65259a,4,7,8,7,0,207,144,1,2011-07-03 04:58:06,2011-07-15 02:29:13,2011-07-15 02:27:02,07th Expansion,haze,Shiirn,465126,167,Umineko no Naku Koro ni,natteke lanttu,2,5,70,9.45324,0,0,63469,16311,518,1.9510325193405151,1.9019190073013306,3.8775081634521484
51,104377,275898,1,167,134,Normal,5e81a81a520e1431bdf333152d404920,3,3,4,3,0,30,110,4,2013-07-12 19:39:20,2013-07-31 22:16:08,2013-07-31 22:12:37,07th Expansion,hope,Leader,631530,130,Umineko no Naku Koro ni,うみねこのなく頃に when they cry dai piano visual novel bgm,2,5,197,9.29238,0,0,74946,33013,286,0.8813719153404236,0.7111916542053223,1.6776536703109741
52,104377,274506,1,167,133,Hard,e307cbb263406b31d8a96cba058582d0,4,6,7,6,0,114,120,4,2013-07-12 19:39:20,2013-07-31 22:16:08,2013-07-31 22:12:37,07th Expansion,hope,Leader,631530,130,Umineko no Naku Koro ni,うみねこのなく頃に when they cry dai piano visual novel bgm,2,5,197,9.29238,0,0,207101,62174,402,1.277132511138916,1.1682249307632446,2.4998114109039307
53,29724,100750,1,185,152,Easy,1ce9e6754479a269c9508ecd45d3073c,3,2,3,2,0,94,85,4,2011-05-02 19:13:48,2011-05-19 22:18:19,2011-05-19 22:10:42,07th Expansion,lastendconductor,Natteke,157177,139,Umineko no Naku Koro ni Chiru,zts,2,5,158,9.53969,0,0,61091,25534,489,1.033063530921936,0.9218773245811462,2.0105340480804443
54,29724,100733,1,186,152,Normal,a432fcd88de2bf68837033d7236d582a,4,5,5,4,0,143,125,5,2011-05-02 19:13:48,2011-05-19 22:18:19,2011-05-19 22:10:42,07th Expansion,lastendconductor,Natteke,157177,139,Umineko no Naku Koro ni Chiru,zts,2,5,158,9.53969,0,0,157086,36242,599,1.381229281425476,1.3336344957351685,2.738661050796509
55,29724,98491,1,186,153,Hard,e4c9c16903f2cbddc454e211db173a82,4,7,8,7,0,219,175,3,2011-05-02 19:13:48,2011-05-19 22:18:19,2011-05-19 22:10:42,07th Expansion,lastendconductor,Natteke,157177,139,Umineko no Naku Koro ni Chiru,zts,2,5,158,9.53969,0,0,222568,46611,694,1.9066441059112549,1.586137294769287,3.6530346870422363
56,32417,106083,1,185,166,Normal,ebc8abc426250c4e7c75d349857a6cdb,3,3,5,4,0,73,115,4,2011-06-27 08:12:57,2012-05-20 15:37:56,2012-05-20 14:19:27,07th Expansion,lastendconductor,W h i t e,685229,139,Umineko no Naku Koro ni Chiru,zts frederica bernkastel lambdadelta,2,5,85,9.54756,0,0,24202,9559,578,0.961372435092926,0.8628426194190979,1.873479962348938
57,32417,106081,1,185,166,Hard,d604147daf1537d28b504b7a243384b8,4,6,7,5,0,232,205,1,2011-06-27 08:12:57,2012-05-20 15:37:56,2012-05-20 14:19:27,07th Expansion,lastendconductor,W h i t e,685229,139,Umineko no Naku Koro ni Chiru,zts frederica bernkastel lambdadelta,2,5,85,9.54756,0,0,114282,29125,766,1.5452505350112915,1.4881950616836548,3.0619733333587646
58,22472,78623,1,179,149,Episode 1,016013e3df30da725159593764c6f001,3,1,3,2,0,100,86,3,2010-11-13 05:00:12,2011-03-23 03:15:49,2011-03-23 01:20:44,07th Expansion,liberatedliberater,Shiirn,465126,140,Umineko no naku koro ni Chiru,when they cry bernkastel zts,2,5,451,9.49192,0,0,97351,53928,323,0.9253441095352173,0.9269335865974426,1.8530724048614502
59,22472,78117,1,179,150,Episode 3,30e39e43886309e3891f9d3f30063690,5,3,7,4,0,140,165,4,2010-11-13 05:00:12,2011-03-23 03:15:49,2011-03-23 01:20:44,07th Expansion,liberatedliberater,Shiirn,465126,140,Umineko no naku koro ni Chiru,when they cry bernkastel zts,2,5,451,9.49192,0,0,304315,138246,534,1.171017050743103,1.1802438497543335,2.3558743000030518
60,22472,78367,1,179,150,Episode 5,452966cfd8096257502d507ed4164ba9,5,6,8,9,0,384,132,4,2010-11-13 05:00:12,2011-03-23 03:15:49,2011-03-23 01:20:44,07th Expansion,liberatedliberater,Shiirn,465126,140,Umineko no naku koro ni Chiru,when they cry bernkastel zts,2,5,451,9.49192,0,0,558078,81430,698,2.0529909133911133,2.2525737285614014,4.405356407165527
61,27754,97803,1,161,137,Easy,53e90bc571d2e60f438d48fd38ae932e,2,2,4,2,0,63,88,1,2011-03-20 23:12:55,2011-06-01 15:30:33,2011-06-01 15:26:06,07th Expansion,lixAxil,Shiirn,465126,145,umineko chiru,ep8 furudo erika rokodo,2,5,225,9.40474,0,0,43097,22056,295,0.8001513481140137,0.7735072374343872,1.5869807004928589
62,27754,97683,1,161,136,Normal,a09a037b0611140443ff2f26e4c3c1eb,3,4,5,2,0,85,157,1,2011-03-20 23:12:55,2011-06-01 15:30:33,2011-06-01 15:26:06,07th Expansion,lixAxil,Shiirn,465126,145,umineko chiru,ep8 furudo erika rokodo,2,5,225,9.40474,0,0,91944,33850,525,1.2854481935501099,1.0811617374420166,2.4687530994415283
63,27754,92879,1,162,135,Hyper,8307d8185a83c02a578e286e2b2ee165,4,6,8,5,0,107,223,1,2011-03-20 23:12:55,2011-06-01 15:30:33,2011-06-01 15:26:06,07th Expansion,lixAxil,Shiirn,465126,145,umineko chiru,ep8 furudo erika rokodo,2,5,225,9.40474,0,0,216502,76122,801,1.4758518934249878,1.379296064376831,2.903425931930542
64,27754,92878,1,162,135,Another,0b04c4905107da54ccb8df2d7929eefa,4,6,8,6,0,505,148,1,2011-03-20 23:12:55,2011-06-01 15:30:33,2011-06-01 15:26:06,07th Expansion,lixAxil,Shiirn,465126,145,umineko chiru,ep8 furudo erika rokodo,2,5,225,9.40474,0,0,229310,36295,888,2.061281681060791,2.158857822418213,4.268927574157715
65,37627,141655,1,161,153,Easy,94ad8812b737e750aae1ed1cf23ddbba,3,2,3,3,0,67,110,2,2011-10-05 18:01:10,2012-04-14 03:24:36,2012-03-19 14:41:17,07th Expansion,lixAxil,La Cataline,301279,145,Umineko no Naku Koro ni Chiru,when they cry gurasan neko visual novel vass_bass mmzz,2,5,138,9.44197,0,0,26210,11827,376,0.9773432016372681,0.8761231303215027,1.904076337814331
66,37627,144665,1,161,153,Vass,be14541a4046bad1d26a8b733f4dc346,4,4,5,4,0,112,112,9,2011-10-05 18:01:10,2012-04-14 03:24:36,2012-03-19 14:41:17,07th Expansion,lixAxil,La Cataline,301279,145,Umineko no Naku Koro ni Chiru,when they cry gurasan neko visual novel vass_bass mmzz,2,5,138,9.44197,0,0,46650,19004,402,1.118953824043274,1.0520399808883667,2.2044506072998047
67,37627,120864,1,162,154,Hard,cf3805fac20842017fc0c612fc9e356c,4,6,8,5,0,200,247,1,2011-10-05 18:01:10,2012-04-14 03:24:36,2012-03-19 14:41:17,07th Expansion,lixAxil,La Cataline,301279,145,Umineko no Naku Koro ni Chiru,when they cry gurasan neko visual novel vass_bass mmzz,2,5,138,9.44197,0,0,98411,26130,719,1.720743179321289,1.7468469142913818,3.480642080307007
68,37627,125944,1,162,154,Insane,03078dccdbf00a5f25d1d4b14c39a296,4,7,9,6,0,438,186,0,2011-10-05 18:01:10,2012-04-14 03:24:36,2012-03-19 14:41:17,07th Expansion,lixAxil,La Cataline,301279,145,Umineko no Naku Koro ni Chiru,when they cry gurasan neko visual novel vass_bass mmzz,2,5,138,9.44197,0,0,164515,37974,847,2.1551389694213867,2.1655068397521973,4.32582950592041
69,31116,129968,1,212,166,hackSL's Easy,07179ea83132e55ef8d49539d030234a,3,1,2,2,0,104,83,6,2011-05-31 16:39:59,2011-12-10 23:13:49,2011-12-10 23:01:37,07th Expansion,miragecoordinator,La Cataline,301279,150,Umineko no Naku Koro ni,zts when they cry visual novel mmzz hacksl,2,5,217,9.51859,0,0,39578,16686,341,0.9397045373916626,0.913690984249115,1.866402268409729
70,31116,106494,1,212,187,Normal,156b2a1348f9047d3116ce13e7197c85,4,5,5,4,0,112,133,2,2011-05-31 16:39:59,2011-12-10 23:13:49,2011-12-10 23:01:37,07th Expansion,miragecoordinator,La Cataline,301279,150,Umineko no Naku Koro ni,zts when they cry visual novel mmzz hacksl,2,5,217,9.51859,0,0,83089,35725,469,1.2398978471755981,0.9304539561271667,2.325073719024658
71,31116,102426,1,212,190,Hard,d4a60a29a0ce82355c9ae5fe43c4093d,4,5,8,7,0,364,224,6,2011-05-31 16:39:59,2011-12-10 23:13:49,2011-12-10 23:01:37,07th Expansion,miragecoordinator,La Cataline,301279,150,Umineko no Naku Koro ni,zts when they cry visual novel mmzz hacksl,2,5,217,9.51859,0,0,367073,64001,845,2.026926040649414,1.9773260354995728,4.029052257537842
72,41807,158377,1,147,136,Normal,83a3f5607e983a612b4eee4805d0b55c,4,3,5,4,0,34,107,6,2011-12-23 16:50:10,2012-07-09 14:55:33,2012-07-09 14:39:04,07th Expansion,Nakanaide,Suzully,431791,210,Umineko no Naku Koro ni,dai when they cry kshr,2,5,51,9.15562,0,0,26996,9991,622,0.9986073970794678,0.7561749815940857,1.875998616218567
73,41807,158376,1,149,138,KSHR's Hard,2feb5afab72ded3850c242759c2b9d5d,4,6,7,5,0,137,230,4,2011-12-23 16:50:10,2012-07-09 14:55:33,2012-07-09 14:39:04,07th Expansion,Nakanaide,Suzully,431791,210,Umineko no Naku Koro ni,dai when they cry kshr,2,5,51,9.15562,0,0,49902,8487,803,1.8704121112823486,1.7695831060409546,3.6904096603393555
74,41807,131840,1,149,137,Insane,c60333347edea82047387aee105cd0db,4,8,9,7,0,295,232,3,2011-12-23 16:50:10,2012-07-09 14:55:33,2012-07-09 14:39:04,07th Expansion,Nakanaide,Suzully,431791,210,Umineko no Naku Koro ni,dai when they cry kshr,2,5,51,9.15562,0,0,72100,11241,980,2.412717342376709,2.406381845474243,4.822267055511475
75,18465,66019,1,103,80,Easy,043950494a699796a2add88e2b4a49ca,3,3,3,2,0,55,39,1,2010-07-25 16:30:37,2012-02-12 21:19:21,2012-02-12 21:11:42,07th Expansion,Occultics no Majo,tieff,89619,145,Umineko no Naku Koro ni Chiru,,2,3,30,9.17524,0,0,27525,10938,181,0.6095437407493591,0.7110694050788879,1.3713760375976562
76,18465,65656,1,103,100,Normal,b9a606025da272224fa86fb4ab472aa0,4,5,5,5,0,112,81,2,2010-07-25 16:30:37,2012-02-12 21:19:21,2012-02-12 21:11:42,07th Expansion,Occultics no Majo,tieff,89619,145,Umineko no Naku Koro ni Chiru,,2,3,30,9.17524,0,0,37069,13268,392,1.0782357454299927,1.055111050605774,2.144909143447876
77,18465,65381,1,103,100,Hard,4758a2221df9c371d879b3eb24f0db42,4,8,8,8,0,184,94,3,2010-07-25 16:30:37,2012-02-12 21:19:21,2012-02-12 21:11:42,07th Expansion,Occultics no Majo,tieff,89619,145,Umineko no Naku Koro ni Chiru,,2,3,30,9.17524,0,0,79122,14691,478,1.8577765226364136,1.742825984954834,3.6580777168273926
78,14994,57661,1,137,104,Easy,a8c51cbbf32091e991018efd404ef7e9,3,1,1,2,0,24,42,3,2010-04-15 20:29:33,2010-05-22 13:09:27,2010-05-22 13:07:24,07th Expansion,rog-limitation,AngelHoney,104401,220,Umineko no Naku Koro ni,AHO,2,5,213,9.26123,0,0,86354,39793,147,0.5910962820053101,0.5302668809890747,1.1517778635025024
79,14994,57342,1,137,110,Normal,e2b2770981093325cd4efed86d4b7f1b,3,3,3,3,0,76,82,0,2010-04-15 20:29:33,2010-05-22 13:09:27,2010-05-22 13:07:24,07th Expansion,rog-limitation,AngelHoney,104401,220,Umineko no Naku Koro ni,AHO,2,5,213,9.26123,0,0,109879,45921,276,0.8644695281982422,0.8810360431671143,1.7537888288497925
80,14994,56954,1,136,115,Hard,d53f07884423c6ecd5986a949c9ddde4,4,7,7,5,0,141,214,1,2010-04-15 20:29:33,2010-05-22 13:09:27,2010-05-22 13:07:24,07th Expansion,rog-limitation,AngelHoney,104401,220,Umineko no Naku Koro ni,AHO,2,5,213,9.26123,0,0,298346,53643,655,1.5413371324539185,1.6643359661102295,3.2671725749969482
81,14994,54581,1,136,111,Insane,727d48697f724cc6a8ba92a33727a78b,4,9,9,5,0,301,238,4,2010-04-15 20:29:33,2010-05-22 13:09:27,2010-05-22 13:07:24,07th Expansion,rog-limitation,AngelHoney,104401,220,Umineko no Naku Koro ni,AHO,2,5,213,9.26123,0,0,569819,84860,870,2.4061880111694336,2.8382606506347656,5.460484981536865
82,28751,116129,1,133,112,Easy,25b5cb1e5c03ce2cb37fa7385d09c4ab,3,1,2,1,0,11,57,6,2011-04-12 06:32:53,2012-04-22 17:43:17,2012-04-22 17:38:26,07th Expansion,rog-unlimitation,AngelHoney,104401,220,Umineko no Naku Koro ni,xaki lepidopodus lepidon,2,5,537,9.34108,0,0,65794,26338,289,0.8891138434410095,0.585774302482605,1.6265578269958496
83,28751,116130,1,136,123,Normal,43edfbc393958035ce45f8d3905315a6,3,4,4,4,0,48,82,5,2011-04-12 06:32:53,2012-04-22 17:43:17,2012-04-22 17:38:26,07th Expansion,rog-unlimitation,AngelHoney,104401,220,Umineko no Naku Koro ni,xaki lepidopodus lepidon,2,5,537,9.34108,0,0,81098,27808,369,1.2055052518844604,1.008217692375183,2.3123667240142822
84,28751,109644,1,136,121,Hard,1df8afb681a3da8774d4e891f607bfb6,4,5,7,4,0,73,179,4,2011-04-12 06:32:53,2012-04-22 17:43:17,2012-04-22 17:38:26,07th Expansion,rog-unlimitation,AngelHoney,104401,220,Umineko no Naku Koro ni,xaki lepidopodus lepidon,2,5,537,9.34108,0,0,199025,40923,542,1.8889864683151245,1.4203726053237915,3.543665885925293
85,28751,95733,1,136,123,Insane,cefef0f8bcd6cddce6fbdac38f6736fb,4,5,9,4,0,170,217,4,2011-04-12 06:32:53,2012-04-22 17:43:17,2012-04-22 17:38:26,07th Expansion,rog-unlimitation,AngelHoney,104401,220,Umineko no Naku Koro ni,xaki lepidopodus lepidon,2,5,537,9.34108,0,0,698952,195959,649,2.3371264934539795,1.9008874893188477,4.4561333656311035
86,28751,116128,1,136,121,AngelHoney,7979904eb459f01f1f29108bb2b7fd2e,3,7,10,7,0,412,195,2,2011-04-12 06:32:53,2012-04-22 17:43:17,2012-04-22 17:38:26,07th Expansion,rog-unlimitation,AngelHoney,104401,220,Umineko no Naku Koro ni,xaki lepidopodus lepidon,2,5,537,9.34108,0,0,1710926,154666,850,2.73097562789917,3.3239946365356445,6.351479530334473
87,8555,35862,1,138,74,Kirby's Easy,d0843228639aa172eae72b6ac52a0d1c,3,3,3,2,0,62,28,2,2009-08-09 16:56:37,2010-02-01 13:30:52,2010-02-01 13:22:38,07th Expansion,Rougoku,tieff,89619,140,Umineko no Naku Koro ni,starrodkirby86 kirby,2,5,95,8.95428,0,0,46371,23750,188,0.8511846661567688,0.8610672950744629,1.717193365097046
88,8555,35032,1,192,128,Normal,20112df330d887eb585ab05c0785e434,4,3,3,3,0,120,145,1,2009-08-09 16:56:37,2010-02-01 13:30:52,2010-02-01 13:22:38,07th Expansion,Rougoku,tieff,89619,140,Umineko no Naku Koro ni,starrodkirby86 kirby,2,5,95,8.95428,0,0,107735,27989,591,1.0841172933578491,1.159430742263794,2.28120493888855
89,8555,35031,1,192,129,Insane,fd73b506071b438aa54d07d3a3fc0f77,4,7,7,7,0,409,124,2,2009-08-09 16:56:37,2010-02-01 13:30:52,2010-02-01 13:22:38,07th Expansion,Rougoku,tieff,89619,140,Umineko no Naku Koro ni,starrodkirby86 kirby,2,5,95,8.95428,0,0,185137,14133,760,2.0602645874023438,2.1428847312927246,4.24445915222168
90,28793,95989,1,114,106,Easy~!,accf74db3e623c1208ae9fc659928f47,3,1,2,1,0,34,63,0,2011-04-13 11:32:06,2011-05-03 18:37:01,2011-05-03 14:52:03,07th Expansion,Sakutarou's Adventure,Lanttu,57448,120,Umineko no Naku Koro ni,dai sakutaro,2,5,99,9.43086,0,0,40350,17360,285,0.7745698690414429,0.7022886276245117,1.512999176979065
91,28793,95909,1,114,106,Normal~!,da65cf1d1caa367f3435ef04344d6f34,3,3,4,3,0,51,86,0,2011-04-13 11:32:06,2011-05-03 18:37:01,2011-05-03 14:52:03,07th Expansion,Sakutarou's Adventure,Lanttu,57448,120,Umineko no Naku Koro ni,dai sakutaro,2,5,99,9.43086,0,0,36993,17252,351,0.8666766881942749,0.8635918498039246,1.7318109273910522
92,28793,95864,1,114,105,Uryuu~!,1cd5ba69ab8158f7dc2d522e30c7f072,4,6,6,6,0,174,83,0,2011-04-13 11:32:06,2011-05-03 18:37:01,2011-05-03 14:52:03,07th Expansion,Sakutarou's Adventure,Lanttu,57448,120,Umineko no Naku Koro ni,dai sakutaro,2,5,99,9.43086,0,0,94971,26779,426,1.3031229972839355,1.4443092346191406,2.8180253505706787
93,26617,89619,1,174,139,Easy,843a7d6f78ad10a15fffe31f49e5e151,3,3,3,3,0,91,58,1,2011-02-23 10:58:00,2011-03-18 08:39:14,2011-03-18 07:59:22,07th Expansion,System0,Reiji-RJ,305389,138,Umineko no Naku Koro ni,ch1ka,2,5,78,9.40333,0,0,21190,9910,295,0.7438378930091858,0.7293429374694824,1.4804282188415527
94,26617,89618,1,171,149,Ch1ka's Normal,eed3d96d3e70c7c4bac4a9d7bbfe03b8,4,5,5,4,0,170,76,5,2011-02-23 10:58:00,2011-03-18 08:39:14,2011-03-18 07:59:22,07th Expansion,System0,Reiji-RJ,305389,138,Umineko no Naku Koro ni,ch1ka,2,5,78,9.40333,0,0,37427,16876,367,1.0563722848892212,1.074845552444458,2.1404545307159424
95,26617,89620,1,175,140,Hard,0b1cc3df4bb051df339f4083a8ffc4b9,4,7,8,7,0,350,110,2,2011-02-23 10:58:00,2011-03-18 08:39:14,2011-03-18 07:59:22,07th Expansion,System0,Reiji-RJ,305389,138,Umineko no Naku Koro ni,ch1ka,2,5,78,9.40333,0,0,129680,28931,599,1.8102632761001587,1.9045970439910889,3.7620272636413574
96,27146,92475,1,230,183,Normal,f4c02e754f586ef1051144331083259c,3,3,3,3,0,89,125,8,2011-03-07 18:34:07,2011-03-28 17:19:37,2011-03-25 20:20:23,07th Expansion,the executioner,Natteke,157177,134,Umineko no Naku Koro ni Chiru,zts,2,5,196,9.52379,0,0,86573,31775,520,1.0698899030685425,0.869204044342041,2.0394368171691895
97,27146,91198,1,231,183,Hard,cc6364bd87e9cad69236bbcef3ef122a,4,7,8,7,0,299,236,2,2011-03-07 18:34:07,2011-03-28 17:19:37,2011-03-25 20:20:23,07th Expansion,the executioner,Natteke,157177,134,Umineko no Naku Koro ni Chiru,zts,2,5,196,9.52379,0,0,271983,50376,814,1.8940898180007935,1.8025609254837036,3.742415189743042
98,57032,172168,1,176,139,Easy,9dd3b4b016a0f193bd625a9b1a4fa8ae,3,1,3,1,0,84,69,3,2012-08-13 10:40:22,2012-12-04 01:34:53,2012-12-04 01:02:55,07th Expansion,worldenddominator,Natteke,157177,142,Umineko no Naku Koro ni,zts rue la cataline lc,2,5,117,9.38004,0,0,21028,10785,297,0.8266167640686035,0.7991606593132019,1.6395055055618286
99,57032,172564,1,175,149,Rue's Normal,0fba4533b061353c6f5445b700e1123e,3,4,5,3,0,54,179,4,2012-08-13 10:40:22,2012-12-04 01:34:53,2012-12-04 01:02:55,07th Expansion,worldenddominator,Natteke,157177,142,Umineko no Naku Koro ni,zts rue la cataline lc,2,5,117,9.38004,0,0,46589,15724,458,1.2042129039764404,1.1658841371536255,2.389261484146118
100,57032,172161,1,239,217,Hard,58926c0a5482a798a7ab162d6fef0e0f,4,7,8,7,0,374,290,1,2012-08-13 10:40:22,2012-12-04 01:34:53,2012-12-04 01:02:55,07th Expansion,worldenddominator,Natteke,157177,142,Umineko no Naku Koro ni,zts rue la cataline lc,2,5,117,9.38004,0,0,73228,9735,999,2.070359706878662,1.862839937210083,4.036959648132324
101,57032,176342,1,239,215,La Cataline,a5647c38979c30fa9c40964e343a6530,4,7,8,7,0,485,291,0,2012-08-13 10:40:22,2012-12-04 01:34:53,2012-12-04 01:02:55,07th Expansion,worldenddominator,Natteke,157177,142,Umineko no Naku Koro ni,zts rue la cataline lc,2,5,117,9.38004,0,0,95329,10128,1115,2.074052572250366,1.9717607498168945,4.096959114074707
102,14546,53307,1,119,66,Easy,dae5ec015cb87af96b0cd193dc52cb5c,3,4,4,3,0,28,54,2,2010-04-02 19:27:01,2010-04-08 07:55:20,2010-04-08 07:53:57,07th Expansion,Worldenddominator,tieff,89619,142,Umineko no Naku Koro ni,visual novel then they cry,2,5,186,9.33582,0,0,94880,43046,169,1.0440092086791992,0.8805315494537354,2.006279706954956
103,14546,53763,1,121,107,Normal+,39d1207e117f70233e9c2dafa6cf0880,4,6,6,5,0,76,151,1,2010-04-02 19:27:01,2010-04-08 07:55:20,2010-04-08 07:53:57,07th Expansion,Worldenddominator,tieff,89619,142,Umineko no Naku Koro ni,visual novel then they cry,2,5,186,9.33582,0,0,202379,59472,398,1.446090579032898,1.3947235345840454,2.866497755050659
104,14546,53182,1,176,141,Hard,78bd15f1b113bff5c53929ba97e35104,4,8,8,7,0,240,155,2,2010-04-02 19:27:01,2010-04-08 07:55:20,2010-04-08 07:53:57,07th Expansion,Worldenddominator,tieff,89619,142,Umineko no Naku Koro ni,visual novel then they cry,2,5,186,9.33582,0,0,266584,47640,582,1.9341351985931396,1.7944612503051758,3.798433542251587
105,812792,1729492,1,227,191,Normal,87cb752cd2973a0fed6af873fa53dfb6,3.5,4,5,4,0,144,160,2,2018-07-12 05:52:15,2018-12-16 17:40:03,2018-12-14 00:58:14,-45,Midorigo Queen Bee,PandaHero,1233255,153,うみねこのなく頃に散,mirash eijikuinbii 07th expansion umineko no naku koro ni chiru when they cry ep6 visual novel infant quimby quinby d'va dva yoshikawa45,2,5,97,9.29469,0,0,7983,3195,541,1.0129231214523315,0.9647459983825684,2.0017576217651367
106,812792,1728024,1,228,191,Hard,5356a9ae76b239157e3f230113773e8e,4,6,7.5,5,0,258,279,2,2018-07-12 05:52:15,2018-12-16 17:40:03,2018-12-14 00:58:14,-45,Midorigo Queen Bee,PandaHero,1233255,153,うみねこのなく頃に散,mirash eijikuinbii 07th expansion umineko no naku koro ni chiru when they cry ep6 visual novel infant quimby quinby d'va dva yoshikawa45,2,5,97,9.29469,0,0,12267,2952,894,1.819266676902771,1.7545675039291382,3.6061837673187256
107,812792,1716393,1,253,229,Mirash's Insane,7096c6119a1fecc679ffa9b98a5ff8e5,4,7,8,5,0,653,241,0,2018-07-12 05:52:15,2018-12-16 17:40:03,2018-12-14 00:58:14,-45,Midorigo Queen Bee,PandaHero,1233255,153,うみねこのなく頃に散,mirash eijikuinbii 07th expansion umineko no naku koro ni chiru when they cry ep6 visual novel infant quimby quinby d'va dva yoshikawa45,2,5,97,9.29469,0,0,19170,1656,1229,2.018139123916626,2.289607048034668,4.443480014801025
108,812792,1728260,1,253,229,Another,628bad9ef3b802a2901a64ba07c1e655,4,8,9,7,0,664,271,4,2018-07-12 05:52:15,2018-12-16 17:40:03,2018-12-14 00:58:14,-45,Midorigo Queen Bee,PandaHero,1233255,153,うみねこのなく頃に散,mirash eijikuinbii 07th expansion umineko no naku koro ni chiru when they cry ep6 visual novel infant quimby quinby d'va dva yoshikawa45,2,5,97,9.29469,0,0,19170,1863,1301,2.4540185928344727,2.502897024154663,4.981354713439941
109,812792,1791372,1,250,226,EijiKuinbii's Expert,76c16fc88811874c99d86591c9ebbc2d,5,9,9.2,6,0,857,383,8,2018-07-12 05:52:15,2018-12-16 17:40:03,2018-12-14 00:58:14,-45,Midorigo Queen Bee,PandaHero,1233255,153,うみねこのなく頃に散,mirash eijikuinbii 07th expansion umineko no naku koro ni chiru when they cry ep6 visual novel infant quimby quinby d'va dva yoshikawa45,2,5,97,9.29469,0,0,28314,1476,1660,2.8412890434265137,3.0060184001922607,5.929671764373779
110,886627,1853547,1,265,254,Accusation,9e3dc7e3a76859dad1a4298f3a32c5bf,4,8,9,6,0,918,276,2,2018-11-30 09:55:01,2019-01-27 03:20:05,2019-01-15 03:51:58,-45,Shoujo-tachi no Majogari,Dada,9119507,165,うみねこのなく頃に散,shoujotachi the girls' witch hunt umineko no naku koro ni chiru when the seagulls cry they visual novel 07th expansion ryukishi07 erika furudo featherine augustus aurora chapter 5 end of the golden witch 8 twilight amrita c76 akito yoshikawa yoshikawa-45 video game electronic instrumental,2,5,88,9.65969,0,0,72099,8460,1525,2.5208005905151367,2.5887017250061035,5.1434526443481445
111,845441,1768374,1,286,271,Forgery,55a9dddacc50d476b0166825eff3d987,4,8,8,6,0,1143,190,1,2018-09-08 01:31:12,2018-11-13 22:40:03,2018-11-06 17:13:16,-45,Yomitsu Hirasaka CORRUPTION,Dada,9119507,135,うみねこのなく頃に散,sparhten umineko no naku koro ni chiru visual novel 07th expansion ryukishi07 akito yoshikawa yoshikawa-45 black battler chapter 7 tea party rokkenjima massacre amrita c76 yomotsu,2,5,41,9.6,0,0,34740,1683,1699,2.1919777393341064,2.1950700283050537,4.388593673706055
112,8101,34468,1,89,86,Easy,977be141573bcfe2bcce61a7f824a4e4,3,3,3,3,0,81,50,1,2009-07-16 18:40:33,2009-08-19 09:57:46,2009-08-10 13:11:06,Akiko Shikata,Katayoku no Tori,tieff,89619,220,Umineko no Naku Koro ni,,3,3,198,9.08955,0,0,204661,88930,236,0.79062420129776,0.8163540363311768,1.6198431253433228
113,8101,34606,1,89,87,Normal,b4ea385d710a904ac633b66a28e7a8ce,4,5,5,5,0,61,91,1,2009-07-16 18:40:33,2009-08-19 09:57:46,2009-08-10 13:11:06,Akiko Shikata,Katayoku no Tori,tieff,89619,220,Umineko no Naku Koro ni,,3,3,198,9.08955,0,0,202361,73488,289,0.9774366021156311,0.9265546798706055,1.9294322729110718
114,8101,33694,1,90,87,Hard,c788d968b1843bea3cf0adc0e8096e8c,5,7,7,7,0,168,60,2,2009-07-16 18:40:33,2009-08-19 09:57:46,2009-08-10 13:11:06,Akiko Shikata,Katayoku no Tori,tieff,89619,220,Umineko no Naku Koro ni,,3,3,198,9.08955,0,0,175742,28934,326,1.9559646844863892,1.4780069589614868,3.672950506210327
115,8101,34487,1,89,88,Oru's Insane,fe9c75c64b3f592abd91aabbd2fa2e9f,5,8,8,7,0,248,39,0,2009-07-16 18:40:33,2009-08-19 09:57:46,2009-08-10 13:11:06,Akiko Shikata,Katayoku no Tori,tieff,89619,220,Umineko no Naku Koro ni,,3,3,198,9.08955,0,0,109035,22131,407,2.0396454334259033,1.6132557392120361,3.866095781326294
116,12868,47962,1,74,50,Easy,92e744cc79a54c4390227de0ef7d4019,4,1,1,1,0,33,32,1,2010-02-07 04:38:58,2010-02-07 21:03:24,2010-02-07 20:41:34,Akiko Shikata,One-Sided Love,tieff,89619,97,Umineko no Naku Koro ni,visual novel katakoi,2,3,108,9.26353,0,0,74040,33108,204,0.950131893157959,0.874512791633606,1.8624542951583862
117,12868,47964,1,144,113,Normal+,c5e9e67b5119a6d21545634bf64fd15a,4,5,5,4,0,102,80,2,2010-02-07 04:38:58,2010-02-07 21:03:24,2010-02-07 20:41:34,Akiko Shikata,One-Sided Love,tieff,89619,97,Umineko no Naku Koro ni,visual novel katakoi,2,3,108,9.26353,0,0,88813,24666,511,1.0708447694778442,1.0767005681991577,2.150473117828369
118,12868,47963,1,205,167,Hard,deb829274238519de417ca121f9c47ab,5,7,7,5,0,257,125,2,2010-02-07 04:38:58,2010-02-07 21:03:24,2010-02-07 20:41:34,Akiko Shikata,One-Sided Love,tieff,89619,97,Umineko no Naku Koro ni,visual novel katakoi,2,3,108,9.26353,0,0,111187,24680,774,1.5314897298812866,1.4753385782241821,3.0349040031433105
119,148579,384314,1,293,279,Calm,156e005ce29635ecb0ca2e2584dd16cf,3,2,2,2,0,71,102,6,2014-02-08 01:30:03,2014-08-04 18:42:14,2014-07-28 01:21:25,Akiko Shikata,Ricordando Il Passato,Alarido,1948827,76.5,うみねこのなく頃に,umineko no naku koro ni beatrice the golden witch battler ushiromiya everlasting love conturbated romance beatoriche 07th expansion graveyard italian jaqueline neri,2,11,165,9.41056,0,0,16638,9038,498,0.66423100233078,0.5341132283210754,1.263403058052063
120,148579,376539,1,293,279,Normal,1bb5478246c5f921aad720d4cb84ab59,3,4,4,4,0,133,178,8,2014-02-08 01:30:03,2014-08-04 18:42:14,2014-07-28 01:21:25,Akiko Shikata,Ricordando Il Passato,Alarido,1948827,76.5,うみねこのなく頃に,umineko no naku koro ni beatrice the golden witch battler ushiromiya everlasting love conturbated romance beatoriche 07th expansion graveyard italian jaqueline neri,2,11,165,9.41056,0,0,18409,9467,606,0.8373397588729858,0.7763782739639282,1.6441987752914429
121,148579,367327,1,293,278,Intense,14d53fa09182a231c761a7b49594b93f,4.2,6,7,6,0,315,219,8,2014-02-08 01:30:03,2014-08-04 18:42:14,2014-07-28 01:21:25,Akiko Shikata,Ricordando Il Passato,Alarido,1948827,76.5,うみねこのなく頃に,umineko no naku koro ni beatrice the golden witch battler ushiromiya everlasting love conturbated romance beatoriche 07th expansion graveyard italian jaqueline neri,2,11,165,9.41056,0,0,57664,16423,800,1.606656789779663,1.455203652381897,3.137587070465088
122,15706,56812,1,85,71,Normal,fbbe9690152281a5e2f3ac80b4e7bf41,3,3,3,2,0,56,34,1,2010-05-10 01:20:26,2010-11-14 16:41:19,2010-10-21 10:42:46,Akiko Shikata,Umineko no Naku Koro ni,Soaprman,5402,73.3533,,07th expansion when they cry seagull i don't know what uu- means,2,3,112,8.94567,0,0,96797,46977,205,0.857567310333252,0.874772846698761,1.7409429550170898
123,15706,56736,1,85,71,Hard,5e500932b7562a7f4fa51cf186b18920,4,5,5,4,0,107,31,1,2010-05-10 01:20:26,2010-11-14 16:41:19,2010-10-21 10:42:46,Akiko Shikata,Umineko no Naku Koro ni,Soaprman,5402,73.3533,,07th expansion when they cry seagull i don't know what uu- means,2,3,112,8.94567,0,0,112865,44736,222,1.2474348545074463,1.3285150527954102,2.616489887237549
124,15706,69186,1,85,70,Insane,048823d47c87327d2d9bacda170e4a74,4,8,8,7,0,166,26,1,2010-05-10 01:20:26,2010-11-14 16:41:19,2010-10-21 10:42:46,Akiko Shikata,Umineko no Naku Koro ni,Soaprman,5402,73.3533,,07th expansion when they cry seagull i don't know what uu- means,2,3,112,8.94567,0,0,130104,29599,254,1.8290584087371826,1.5608891248703003,3.5240321159362793
125,21079,78190,1,80,78,Easy,9f121c22d4a6d0b223d0e89bd6095458,4,2,2,4,0,37,43,4,2010-10-04 07:17:11,2010-12-19 03:53:49,2010-12-04 05:00:53,Akiko Shikata,Umineko no Naku Koro ni ~Rengoku~,qinche,219282,220,Umineko no Naku Koro ni,ep1 ep2 beatrice 07th expansion harmonia ice coffee angelhoney ignorethis AHO,3,1,140,9.23766,0,0,61049,32930,178,0.7737321257591248,0.7171080112457275,1.519152283668518
126,21079,73442,1,95,95,Coffee,62bb84a8a07b8d3896762452c8f2961f,4,3,6,3,0,102,69,5,2010-10-04 07:17:11,2010-12-19 03:53:49,2010-12-04 05:00:53,Akiko Shikata,Umineko no Naku Koro ni ~Rengoku~,qinche,219282,220,Umineko no Naku Koro ni,ep1 ep2 beatrice 07th expansion harmonia ice coffee angelhoney ignorethis AHO,3,1,140,9.23766,0,0,97795,42932,308,1.1203352212905884,1.2627729177474976,2.454326868057251
127,21079,78980,1,196,179,Ignore this,d1efeee9e1391363f38bb49c38c11bf2,4,2,5,4,0,213,153,8,2010-10-04 07:17:11,2010-12-19 03:53:49,2010-12-04 05:00:53,Akiko Shikata,Umineko no Naku Koro ni ~Rengoku~,qinche,219282,220,Umineko no Naku Koro ni,ep1 ep2 beatrice 07th expansion harmonia ice coffee angelhoney ignorethis AHO,3,1,140,9.23766,0,0,85025,32897,555,1.4511698484420776,1.384108304977417,2.8688089847564697
128,21079,78981,1,196,195,Insane,5402317e50d0f41540bd452ab1a01d9a,4,5,8,5,0,475,142,8,2010-10-04 07:17:11,2010-12-19 03:53:49,2010-12-04 05:00:53,Akiko Shikata,Umineko no Naku Koro ni ~Rengoku~,qinche,219282,220,Umineko no Naku Koro ni,ep1 ep2 beatrice 07th expansion harmonia ice coffee angelhoney ignorethis AHO,3,1,140,9.23766,0,0,106409,21008,817,2.0714547634124756,1.888584852218628,4.051474571228027
129,21079,77996,1,196,195,AHO,8355d27f343bb07fb7a1fed3e38dd6ba,4,6,8,4,0,316,280,2,2010-10-04 07:17:11,2010-12-19 03:53:49,2010-12-04 05:00:53,Akiko Shikata,Umineko no Naku Koro ni ~Rengoku~,qinche,219282,220,Umineko no Naku Koro ni,ep1 ep2 beatrice 07th expansion harmonia ice coffee angelhoney ignorethis AHO,3,1,140,9.23766,0,0,112986,19394,919,2.425881862640381,2.0156917572021484,4.646668910980225
130,30231,172755,1,174,165,B-Easy,98c237382b57ec7c7e2ca57a678e6265,4,2,4,2,0,61,120,1,2011-05-13 12:17:40,2012-09-06 13:41:57,2012-09-05 15:07:20,Ayakura Mei,Revive,Reiji-RJ,305389,175,Umineko no Naku Koro ni,masayoshi minoshima haruka rokkenjima in love icebeam,2,3,120,9.40288,0,0,21472,10864,460,0.93245929479599,0.7496371865272522,1.7735074758529663
131,30231,153707,1,174,165,Normal,db0cb641a2f456b414536a6256bab925,4,3,5,3,0,149,145,0,2011-05-13 12:17:40,2012-09-06 13:41:57,2012-09-05 15:07:20,Ayakura Mei,Revive,Reiji-RJ,305389,175,Umineko no Naku Koro ni,masayoshi minoshima haruka rokkenjima in love icebeam,2,3,120,9.40288,0,0,48666,21722,516,1.1632574796676636,1.1315654516220093,2.3106689453125
132,30231,99926,1,174,173,Collab,a53969963a20debc294e8cb406da2846,4,7,8,7,0,268,230,0,2011-05-13 12:17:40,2012-09-06 13:41:57,2012-09-05 15:07:20,Ayakura Mei,Revive,Reiji-RJ,305389,175,Umineko no Naku Koro ni,masayoshi minoshima haruka rokkenjima in love icebeam,2,3,120,9.40288,0,0,122262,29975,745,2.2390551567077637,1.868371844291687,4.292768955230713
133,10456,40721,1,103,100,Red Truth,042a567d244f5b8b57d9affc92efb093,3,3,3,3,0,116,45,3,2009-11-08 08:03:53,2009-12-04 18:01:38,2009-12-04 17:57:37,Ayumu,Witch of Occultics,Azure_Kyte,66296,145,Umineko no Naku Koro ni Chiru,visual novel opening when they cry 4 game zwei seagulls,3,3,54,8.79196,0,0,39806,16392,226,0.9281612634658813,1.001085877418518,1.9657094478607178
134,10456,40719,1,103,100,Blue Truth,72c7fa2ad114cc3ebcb5a832af3964af,4,5,5,5,0,145,77,1,2009-11-08 08:03:53,2009-12-04 18:01:38,2009-12-04 17:57:37,Ayumu,Witch of Occultics,Azure_Kyte,66296,145,Umineko no Naku Koro ni Chiru,visual novel opening when they cry 4 game zwei seagulls,3,3,54,8.79196,0,0,69863,19082,304,1.3033288717269897,1.341280460357666,2.6635851860046387
135,10456,40720,1,103,100,Golden Truth,df0e3ddfb7657d09ccc73a68c3d676e9,5,6,6,7,0,300,60,1,2009-11-08 08:03:53,2009-12-04 18:01:38,2009-12-04 17:57:37,Ayumu,Witch of Occultics,Azure_Kyte,66296,145,Umineko no Naku Koro ni Chiru,visual novel opening when they cry 4 game zwei seagulls,3,3,54,8.79196,0,0,45580,4935,424,2.046793222427368,1.8791756629943848,4.009777545928955
136,188621,449542,1,101,101,Desperate's Easy,a9d541b74103c3dd2dd73e3e73421f62,3,2,3,2,0,12,85,1,2014-06-29 14:48:09,2014-09-29 01:02:09,2014-09-22 00:41:44,dai,kururi,Yuzu-,3003978,90,うみねこのなく頃に,07th expansion umineko no naku koro ni beatrice visual novel when they cry -bakari- desperate-kun,2,5,105,9.35672,0,0,12429,7311,281,0.8360337018966675,0.6587682962417603,1.5834347009658813
137,188621,449543,1,101,101,Normal,046da9e5c981240566299ea9e8bce1e8,3,4,5,3,0,50,87,1,2014-06-29 14:48:09,2014-09-29 01:02:09,2014-09-22 00:41:44,dai,kururi,Yuzu-,3003978,90,うみねこのなく頃に,07th expansion umineko no naku koro ni beatrice visual novel when they cry -bakari- desperate-kun,2,5,105,9.35672,0,0,19925,10960,296,1.0056281089782715,0.9295069575309753,1.9731956720352173
138,188621,449540,1,101,101,Music Box,0b844d42907ccf6914a23f2d746e9631,4,6,7.5,5,0,108,107,1,2014-06-29 14:48:09,2014-09-29 01:02:09,2014-09-22 00:41:44,dai,kururi,Yuzu-,3003978,90,うみねこのなく頃に,07th expansion umineko no naku koro ni beatrice visual novel when they cry -bakari- desperate-kun,2,5,105,9.35672,0,0,60780,26001,335,1.446946144104004,1.3017996549606323,2.821319103240967
139,15799,57954,1,162,132,Easy,c7e104972fe4fde5ae9ebc8077f0bdbd,4,3,3,2,0,62,55,1,2010-05-13 10:36:47,2010-06-12 17:31:41,2010-06-02 02:01:20,Dai/Haduki Nano,Umarete Kitekurete Arigatou,Tonoko,128799,91,Umineko no Naku Koro ni,07th expansion,3,3,50,9.03986,0,0,24596,11046,226,0.8073952198028564,0.6313463449478149,1.526766061782837
140,15799,57955,1,162,132,Hard,19db574ede6e249037a91646d5a06956,5,5,5,6,0,158,95,1,2010-05-13 10:36:47,2010-06-12 17:31:41,2010-06-02 02:01:20,Dai/Haduki Nano,Umarete Kitekurete Arigatou,Tonoko,128799,91,Umineko no Naku Koro ni,07th expansion,3,3,50,9.03986,0,0,45045,7640,360,1.5012537240982056,1.2913000583648682,2.8975305557250977
141,147430,567969,1,251,229,Normal,539640b56159861cf6870bd965d22dd8,3.3,4,4.5,3,0,78,227,0,2014-02-02 22:38:10,2015-04-19 00:00:14,2015-04-10 23:28:28,iojjj,Akui to Ai no Sukima no Puzzle,Okoratu,1623405,100,うみねこのなく頃に,diabolic theater esper gakuen sumii umineko no naku koro ni ushiromiya maria midori akuma gekijou えすぱー学園 すみー 右代宮真里亞 緑 悪魔の劇場 07th expansion when they cry,2,3,1109,9.45084,0,0,184494,89361,682,1.075170636177063,0.9042295813560486,2.064870834350586
142,147430,554317,1,251,228,Advanced,2aadd20050dcab818eb623b88fcc57b9,3.6,5.5,6.5,5,0,194,288,0,2014-02-02 22:38:10,2015-04-19 00:00:14,2015-04-10 23:28:28,iojjj,Akui to Ai no Sukima no Puzzle,Okoratu,1623405,100,うみねこのなく頃に,diabolic theater esper gakuen sumii umineko no naku koro ni ushiromiya maria midori akuma gekijou えすぱー学園 すみー 右代宮真里亞 緑 悪魔の劇場 07th expansion when they cry,2,3,1109,9.45084,0,0,256265,74643,894,1.5569727420806885,1.3288830518722534,2.9999005794525146
143,147430,544196,1,251,227,Hard,2cc360fc3243d95d3efd34d2be286d48,3.8,6.5,8,6,0,230,353,0,2014-02-02 22:38:10,2015-04-19 00:00:14,2015-04-10 23:28:28,iojjj,Akui to Ai no Sukima no Puzzle,Okoratu,1623405,100,うみねこのなく頃に,diabolic theater esper gakuen sumii umineko no naku koro ni ushiromiya maria midori akuma gekijou えすぱー学園 すみー 右代宮真里亞 緑 悪魔の劇場 07th expansion when they cry,2,3,1109,9.45084,0,0,362068,103160,1016,1.9214891195297241,1.7835829257965088,3.7740252017974854
144,147430,535131,1,251,243,Insane,47397611418b7ba369f9b831eacc49a6,4,7.5,9,6.5,0,412,366,0,2014-02-02 22:38:10,2015-04-19 00:00:14,2015-04-10 23:28:28,iojjj,Akui to Ai no Sukima no Puzzle,Okoratu,1623405,100,うみねこのなく頃に,diabolic theater esper gakuen sumii umineko no naku koro ni ushiromiya maria midori akuma gekijou えすぱー学園 すみー 右代宮真里亞 緑 悪魔の劇場 07th expansion when they cry,2,3,1109,9.45084,0,0,395762,56302,1212,2.4257702827453613,2.2133004665374756,4.74530553817749
145,147430,517595,1,251,243,Diplomatic Immunity,7acbc7b24b03bc5441c31e44a129db42,4.5,8.5,9.2,7,0,517,355,0,2014-02-02 22:38:10,2015-04-19 00:00:14,2015-04-10 23:28:28,iojjj,Akui to Ai no Sukima no Puzzle,Okoratu,1623405,100,うみねこのなく頃に,diabolic theater esper gakuen sumii umineko no naku koro ni ushiromiya maria midori akuma gekijou えすぱー学園 すみー 右代宮真里亞 緑 悪魔の劇場 07th expansion when they cry,2,3,1109,9.45084,0,0,340544,46908,1265,2.8740086555480957,2.287757396697998,5.454891681671143
146,107747,694108,1,194,193,NORMAL,4d2c88ed739c20bb03a624e962f3d4cf,3,3.5,4.3,3.5,0,74,207,0,2013-07-29 20:48:34,2015-07-29 21:20:14,2015-07-20 21:20:53,iojjj,Deus Ex Machina,Okoratu,1623405,180,うみねこのなく頃に散,teardrop theater kazuchi dlanor a. knox umineko no naku koro ni chiru 07th expansion when they cry esper gakuen ドラノール・a・ノックス かずち えすぱー学園 しえっ,2,3,692,9.53855,0,0,62877,19985,872,0.9604251980781555,0.8386983871459961,1.8599870204925537
147,107747,744912,1,195,193,STANDARD,d64ccbd3f1ecf7b265223733d2b7919e,3.3,4.3,5.5,4.3,0,118,272,0,2013-07-29 20:48:34,2015-07-29 21:20:14,2015-07-20 21:20:53,iojjj,Deus Ex Machina,Okoratu,1623405,180,うみねこのなく頃に散,teardrop theater kazuchi dlanor a. knox umineko no naku koro ni chiru 07th expansion when they cry esper gakuen ドラノール・a・ノックス かずち えすぱー学園 しえっ,2,3,692,9.53855,0,0,73401,18913,956,1.2338169813156128,1.0757029056549072,2.3885769844055176
148,107747,692239,1,195,193,ADVANCED,3a189d16439b4a15cf43836009836e87,3.6,5.8,7,5.8,0,154,341,1,2013-07-29 20:48:34,2015-07-29 21:20:14,2015-07-20 21:20:53,iojjj,Deus Ex Machina,Okoratu,1623405,180,うみねこのなく頃に散,teardrop theater kazuchi dlanor a. knox umineko no naku koro ni chiru 07th expansion when they cry esper gakuen ドラノール・a・ノックス かずち えすぱー学園 しえっ,2,3,692,9.53855,0,0,129246,16246,1074,1.5915485620498657,1.4475728273391724,3.1111092567443848
149,107747,692240,1,195,193,HARD,157d15fe248228f1b915c11065d14037,3.8,6.5,8,6,0,200,403,1,2013-07-29 20:48:34,2015-07-29 21:20:14,2015-07-20 21:20:53,iojjj,Deus Ex Machina,Okoratu,1623405,180,うみねこのなく頃に散,teardrop theater kazuchi dlanor a. knox umineko no naku koro ni chiru 07th expansion when they cry esper gakuen ドラノール・a・ノックス かずち えすぱー学園 しえっ,2,3,692,9.53855,0,0,206330,31104,1138,1.9328992366790771,1.7792375087738037,3.7889676094055176
150,107747,692241,1,195,193,INSANE,a53fdec2a138210a83075b265a182fe8,4,7.5,9,6.5,0,371,354,1,2013-07-29 20:48:34,2015-07-29 21:20:14,2015-07-20 21:20:53,iojjj,Deus Ex Machina,Okoratu,1623405,180,うみねこのなく頃に散,teardrop theater kazuchi dlanor a. knox umineko no naku koro ni chiru 07th expansion when they cry esper gakuen ドラノール・a・ノックス かずち えすぱー学園 しえっ,2,3,692,9.53855,0,0,655330,93472,1183,2.3420822620391846,2.2486062049865723,4.637426853179932
151,107747,688907,1,195,193,EXTRA,6377f5cc23d8086713d4fc24351ac42a,4.2,8.3,9,6.5,0,450,328,1,2013-07-29 20:48:34,2015-07-29 21:20:14,2015-07-20 21:20:53,iojjj,Deus Ex Machina,Okoratu,1623405,180,うみねこのなく頃に散,teardrop theater kazuchi dlanor a. knox umineko no naku koro ni chiru 07th expansion when they cry esper gakuen ドラノール・a・ノックス かずち えすぱー学園 しえっ,2,3,692,9.53855,0,0,649416,64978,1199,2.693450927734375,2.3573620319366455,5.218857288360596
152,107747,688886,1,195,194,GREAT EQUALIZER IS THE DEATH,1ed5e23d50edf4ea9330a7f81c18fcb7,4.4,9,9.1,7,0,517,313,1,2013-07-29 20:48:34,2015-07-29 21:20:14,2015-07-20 21:20:53,iojjj,Deus Ex Machina,Okoratu,1623405,180,うみねこのなく頃に散,teardrop theater kazuchi dlanor a. knox umineko no naku koro ni chiru 07th expansion when they cry esper gakuen ドラノール・a・ノックス かずち えすぱー学園 しえっ,2,3,692,9.53855,0,0,700841,49241,1215,2.986124277114868,2.4854257106781006,5.721899509429932
153,193832,461177,1,84,83,ryuu's Easy,373effd86eacd20b80b527b5c8b2b763,2,2,3,2,0,18,54,3,2014-07-18 16:02:27,2014-08-21 21:42:15,2014-08-14 21:31:58,Katakiri Rekka,TSUBASA -Game size-,EvilElvis,1848318,180.5,うみねこのなく頃に散,higurashi 10th anniversary umineko no naku koro ni chiru dai hope when they cry 07th expansion visual novel damnae ryuu aka,2,3,53,9.11456,0,0,6718,4039,198,0.7931491732597351,0.6581673622131348,1.5188074111938477
154,193832,462699,1,85,84,Aka's Normal,689dd7eaf47db351665cc78197cc8275,3.5,4,5,4,0,50,86,0,2014-07-18 16:02:27,2014-08-21 21:42:15,2014-08-14 21:31:58,Katakiri Rekka,TSUBASA -Game size-,EvilElvis,1848318,180.5,うみねこのなく頃に散,higurashi 10th anniversary umineko no naku koro ni chiru dai hope when they cry 07th expansion visual novel damnae ryuu aka,2,3,53,9.11456,0,0,14245,8154,276,1.1029192209243774,0.9820683002471924,2.1454129219055176
155,193832,460585,1,85,84,Damnae's Hard,76d3ff88ba6fc8ce4a728bc5a787318e,4,7,8,6,0,113,139,0,2014-07-18 16:02:27,2014-08-21 21:42:15,2014-08-14 21:31:58,Katakiri Rekka,TSUBASA -Game size-,EvilElvis,1848318,180.5,うみねこのなく頃に散,higurashi 10th anniversary umineko no naku koro ni chiru dai hope when they cry 07th expansion visual novel damnae ryuu aka,2,3,53,9.11456,0,0,35052,7946,410,1.9835716485977173,1.846550703048706,3.898632764816284
156,193832,460474,1,85,84,Insane,2427dc18b02c9cea5cbcc2d10ea0e07a,4,8,9,7,0,206,137,0,2014-07-18 16:02:27,2014-08-21 21:42:15,2014-08-14 21:31:58,Katakiri Rekka,TSUBASA -Game size-,EvilElvis,1848318,180.5,うみねこのなく頃に散,higurashi 10th anniversary umineko no naku koro ni chiru dai hope when they cry 07th expansion visual novel damnae ryuu aka,2,3,53,9.11456,0,0,67553,8732,489,2.588447093963623,2.3619437217712402,5.063642501831055
157,933778,1949397,1,85,80,Djulus' Normal,9cf3e7e3b7815f734b99cdea5fae7081,3.4,4,5,4,0,73,94,0,2019-03-02 13:46:32,2019-03-21 23:40:04,2019-03-12 19:57:58,Katakiri Rekka,TSUBASA -Game size-,InternalLight,6221637,180.5,うみねこのなく頃に散,07th expansion when they cry umineko no naku koro ni chiru dai hope djulus visual novel,2,3,15,8.90196,0,0,4806,2088,281,1.1343947649002075,1.075904369354248,2.23954439163208
158,933778,1949379,1,85,80,Hard,3fa0a4ba35b194a02a6db4a360a82ce6,4,6,7.5,5,0,108,113,2,2019-03-02 13:46:32,2019-03-21 23:40:04,2019-03-12 19:57:58,Katakiri Rekka,TSUBASA -Game size-,InternalLight,6221637,180.5,うみねこのなく頃に散,07th expansion when they cry umineko no naku koro ni chiru dai hope djulus visual novel,2,3,15,8.90196,0,0,7551,2034,365,1.7683885097503662,1.7137466669082642,3.509456157684326
159,933778,1949398,1,85,84,Insane,36438b18167f519a56c1900cb62fe7da,4,7,8.7,6,0,242,97,0,2019-03-02 13:46:32,2019-03-21 23:40:04,2019-03-12 19:57:58,Katakiri Rekka,TSUBASA -Game size-,InternalLight,6221637,180.5,うみねこのなく頃に散,07th expansion when they cry umineko no naku koro ni chiru dai hope djulus visual novel,2,3,15,8.90196,0,0,12276,1035,448,2.338606834411621,2.2346038818359375,4.6252121925354
160,933778,1949380,1,85,84,Expert,3913d9bb26e240ec4d874d34ffbc9b4c,4,8.3,9,6,0,196,138,0,2019-03-02 13:46:32,2019-03-21 23:40:04,2019-03-12 19:57:58,Katakiri Rekka,TSUBASA -Game size-,InternalLight,6221637,180.5,うみねこのなく頃に散,07th expansion when they cry umineko no naku koro ni chiru dai hope djulus visual novel,2,3,15,8.90196,0,0,21708,1728,480,2.5552220344543457,2.3605728149414062,5.013119220733643
161,11384,43568,1,85,75,Normal,64b58381ef6656d0ff1a52b477853524,4,5,5,3,0,80,40,2,2009-12-16 09:09:32,2010-01-18 19:29:34,2010-01-06 02:24:42,Katakiri Rekka,TSUBASA(Ver hope),v2b,47060,180.5,Umineko no Naku Koro ni,,3,3,46,9.30579,0,0,41946,18212,185,1.4023607969284058,1.1618791818618774,2.684480667114258
162,11384,43553,1,85,75,Hard,206865d1afb69341ea3afef474d52361,4,7,7,5,0,132,50,1,2009-12-16 09:09:32,2010-01-18 19:29:34,2010-01-06 02:24:42,Katakiri Rekka,TSUBASA(Ver hope),v2b,47060,180.5,Umineko no Naku Koro ni,,3,3,46,9.30579,0,0,60697,16938,250,1.6604411602020264,1.463202714920044,3.2222630977630615
163,11384,43567,1,85,74,Insane,948efcef086456c9ea617d6689b85b24,4,8,8,7,0,180,85,0,2009-12-16 09:09:32,2010-01-18 19:29:34,2010-01-06 02:24:42,Katakiri Rekka,TSUBASA(Ver hope),v2b,47060,180.5,Umineko no Naku Koro ni,,3,3,46,9.30579,0,0,65634,12325,350,2.1772544384002686,2.161231517791748,4.346497535705566
164,24903,85745,1,78,67,Red Truth,f9feeaf3b9d5579a66823a8dcab9d9c3,3,2,2,2,0,28,47,5,2011-01-16 18:26:50,2011-03-16 00:50:56,2011-03-02 04:00:06,Kino Nei,Ougon Musou Kyoku ~Konjiki no Chi ni Somaru Mae ni~,Suzully,431791,244,Ougon Musou Kyoku,umineko no naku koro ni 07th expansion dai rakkuganriki golden fantasia symphony of golden dreams when the seagulls cry goldist kshr qinche,3,3,103,9.19656,0,0,45229,23609,178,0.816005527973175,0.7525801658630371,1.6002984046936035
165,24903,85744,1,78,71,KSHR's Blue Truth,8c03a8b01028cc3013f34af6a8858496,4,4,5,4,0,92,74,3,2011-01-16 18:26:50,2011-03-16 00:50:56,2011-03-02 04:00:06,Kino Nei,Ougon Musou Kyoku ~Konjiki no Chi ni Somaru Mae ni~,Suzully,431791,244,Ougon Musou Kyoku,umineko no naku koro ni 07th expansion dai rakkuganriki golden fantasia symphony of golden dreams when the seagulls cry goldist kshr qinche,3,3,103,9.19656,0,0,80274,25764,265,1.4081228971481323,1.327799677848816,2.7760841846466064
166,24903,84566,1,78,71,Golden Truth,fb4e00a90919a85d19fd2398a42fabb1,4,7,9,7,0,150,77,2,2011-01-16 18:26:50,2011-03-16 00:50:56,2011-03-02 04:00:06,Kino Nei,Ougon Musou Kyoku ~Konjiki no Chi ni Somaru Mae ni~,Suzully,431791,244,Ougon Musou Kyoku,umineko no naku koro ni 07th expansion dai rakkuganriki golden fantasia symphony of golden dreams when the seagulls cry goldist kshr qinche,3,3,103,9.19656,0,0,105073,26424,328,1.8560504913330078,1.6318132877349854,3.599982261657715
167,24903,88308,1,78,68,qinche's Repeat Demand,225da200b2a6c816c6a3bacc70564bc9,4,6,8,6,0,172,49,3,2011-01-16 18:26:50,2011-03-16 00:50:56,2011-03-02 04:00:06,Kino Nei,Ougon Musou Kyoku ~Konjiki no Chi ni Somaru Mae ni~,Suzully,431791,244,Ougon Musou Kyoku,umineko no naku koro ni 07th expansion dai rakkuganriki golden fantasia symphony of golden dreams when the seagulls cry goldist kshr qinche,3,3,103,9.19656,0,0,67080,16800,302,1.9137717485427856,1.7187994718551636,3.7300572395324707
168,802454,1684137,1,211,193,Normal,644b7dbcd608f555153bdc5614a32d8f,3.5,4,5,4,0,106,187,0,2018-06-22 14:24:41,2018-11-12 21:00:14,2018-11-04 23:57:56,KOKOMI,Seikyou no Igreja,IceKalt,5410645,103.5,うみねこのなく頃に〜魔女と推理の輪舞曲〜,asriel umineko no naku koro ni ~majo to suiri no rondo~ 07th expansion,2,3,85,9.53769,0,0,9657,3780,538,1.0539852380752563,1.062746524810791,2.121112585067749
169,802454,1690530,1,211,194,Hard,5d52d8da25659a17f2338c103274157a,3.8,6.3,7.5,5,0,222,280,0,2018-06-22 14:24:41,2018-11-12 21:00:14,2018-11-04 23:57:56,KOKOMI,Seikyou no Igreja,IceKalt,5410645,103.5,うみねこのなく頃に〜魔女と推理の輪舞曲〜,asriel umineko no naku koro ni ~majo to suiri no rondo~ 07th expansion,2,3,85,9.53769,0,0,13248,3123,824,1.7709132432937622,1.4810394048690796,3.3968896865844727
170,802454,1728826,1,211,194,Insane,9acdc490e3ade5e27f325535eac3b740,4,7,8.4,5.5,0,280,348,0,2018-06-22 14:24:41,2018-11-12 21:00:14,2018-11-04 23:57:56,KOKOMI,Seikyou no Igreja,IceKalt,5410645,103.5,うみねこのなく頃に〜魔女と推理の輪舞曲〜,asriel umineko no naku koro ni ~majo to suiri no rondo~ 07th expansion,2,3,85,9.53769,0,0,16938,1080,984,2.5265841484069824,2.1204066276550293,4.850079536437988
171,802454,1684136,1,211,210,Pulchra mortuus est,681d6741a7f8d90c87264b59a0c10567,3.6,8.4,9.4,6,0,352,423,0,2018-06-22 14:24:41,2018-11-12 21:00:14,2018-11-04 23:57:56,KOKOMI,Seikyou no Igreja,IceKalt,5410645,103.5,うみねこのなく頃に〜魔女と推理の輪舞曲〜,asriel umineko no naku koro ni ~majo to suiri no rondo~ 07th expansion,2,3,85,9.53769,0,0,30384,3717,1207,3.321380615234375,2.2992429733276367,6.131692409515381
172,16541,59191,1,194,152,Battler,35ce8d3392d3a249b17757a52bb6f330,3,4,4,2,0,143,72,7,2010-06-02 07:59:55,2010-07-04 11:51:33,2010-07-04 01:01:15,Nei Kino,Usan no Kaori,qinche,219282,105,Umineko no Naku Koro ni,luck-ganriki circletempo ep6 07th expansion wanhyrzh arusha shuna,3,3,63,9.29227,0,0,43119,19483,329,0.7610892057418823,0.8396862149238586,1.6400740146636963
173,16541,59514,1,194,163,Bernkastel,29adcc5980f6cbfda7b1c0de73abe397,4,7,7,8,0,307,150,6,2010-06-02 07:59:55,2010-07-04 11:51:33,2010-07-04 01:01:15,Nei Kino,Usan no Kaori,qinche,219282,105,Umineko no Naku Koro ni,luck-ganriki circletempo ep6 07th expansion wanhyrzh arusha shuna,3,3,63,9.29227,0,0,66848,7234,641,1.9436341524124146,1.7856428623199463,3.8082728385925293
174,16541,59192,1,192,151,Beatrice,7e4d4bc33842a4c4a67d9a4032883a0d,5,8,8,6,0,451,51,4,2010-06-02 07:59:55,2010-07-04 11:51:33,2010-07-04 01:01:15,Nei Kino,Usan no Kaori,qinche,219282,105,Umineko no Naku Koro ni,luck-ganriki circletempo ep6 07th expansion wanhyrzh arusha shuna,3,3,63,9.29227,0,0,81220,6584,557,2.108704090118408,1.8867634534835815,4.106437683105469
175,11938,45180,1,176,144,Rika,d5f81368543a55382786df6622dfc689,4,6,6,3,0,184,58,2,2010-01-04 10:26:46,2010-02-10 10:56:42,2010-01-23 12:22:30,Niira Etsuko,Genyou No Chou,SOGASOGAMO,102682,111.03,Nakanai Kimi To Nageki No Gensou,umineko no naku koro ni,3,3,104,9.40408,0,0,84971,22984,343,1.1165120601654053,1.058718204498291,2.204127073287964
176,11938,45179,1,247,216,Bernkastel,14066171ae90ad85718043425283e7ba,4,7,7,8,0,472,97,3,2010-01-04 10:26:46,2010-02-10 10:56:42,2010-01-23 12:22:30,Niira Etsuko,Genyou No Chou,SOGASOGAMO,102682,111.03,Nakanai Kimi To Nageki No Gensou,umineko no naku koro ni,3,3,104,9.40408,0,0,207988,26627,685,1.7626620531082153,1.5109223127365112,3.399454355239868
177,14714,55410,1,90,79,Nazo,b43d65139e81ca45038be8c88b77268a,3,3,3,3,0,90,34,0,2010-04-07 13:45:35,2010-05-10 09:15:05,2010-05-04 03:56:21,Niira Etsuko,Shinyaku no Yoru,soulfear,226171,173.05,Nakanai Kimi to Aganai no Gensou,ep5 c77 umineko nakanai,3,3,66,9.02201,0,0,19009,8754,171,0.8861426711082458,0.9339131712913513,1.84394109249115
178,14714,55192,1,247,190,Uso,5dabd38636eb61d6ec89dbf8b0cc12c4,3,4,4,4,0,212,114,0,2010-04-07 13:45:35,2010-05-10 09:15:05,2010-05-04 03:56:21,Niira Etsuko,Shinyaku no Yoru,soulfear,226171,173.05,Nakanai Kimi to Aganai no Gensou,ep5 c77 umineko nakanai,3,3,66,9.02201,0,0,23544,6112,465,1.128112554550171,1.1183204650878906,2.251329183578491
179,14714,53760,1,246,186,Shinjitsu,26aed8c5041771227022e1558c612751,4,8,8,5,0,300,151,4,2010-04-07 13:45:35,2010-05-10 09:15:05,2010-05-04 03:56:21,Niira Etsuko,Shinyaku no Yoru,soulfear,226171,173.05,Nakanai Kimi to Aganai no Gensou,ep5 c77 umineko nakanai,3,3,66,9.02201,0,0,47135,5883,630,2.074022054672241,2.0455636978149414,4.133814811706543
180,14714,53759,1,246,165,Ai,5ab08efffdc3526feb6420a4e72a5e8b,5,9,9,7,0,430,148,2,2010-04-07 13:45:35,2010-05-10 09:15:05,2010-05-04 03:56:21,Niira Etsuko,Shinyaku no Yoru,soulfear,226171,173.05,Nakanai Kimi to Aganai no Gensou,ep5 c77 umineko nakanai,3,3,66,9.02201,0,0,60779,7397,738,2.3219056129455566,2.056823968887329,4.511270523071289
181,593228,1353804,1,65,65,Easy,7d7bea50db83b59f27f2fed57449fe88,3,2,3,2,0,32,47,0,2017-03-31 21:07:15,2017-07-25 04:40:22,2017-07-17 20:21:03,R3 Music Box,Byakumu no Mayu ~Ricordando il passato~,EijiKuinbii,6270995,148,うみねこのなく頃に散,visual novel ushiromiya 07th expansion when they cry umineko no naku koro ni chiru quadrocake vad2009 mirash,2,5,112,9.29154,0,0,20728,10605,139,0.8287748694419861,0.7406975626945496,1.613511085510254
182,593228,1255626,1,65,65,Normal,8d9428218e75a390879c1f008d332f89,3.5,4,5,4,0,42,55,0,2017-03-31 21:07:15,2017-07-25 04:40:22,2017-07-17 20:21:03,R3 Music Box,Byakumu no Mayu ~Ricordando il passato~,EijiKuinbii,6270995,148,うみねこのなく頃に散,visual novel ushiromiya 07th expansion when they cry umineko no naku koro ni chiru quadrocake vad2009 mirash,2,5,112,9.29154,0,0,19995,9761,164,1.189521074295044,0.8618979454040527,2.215230703353882
183,593228,1302836,1,65,65,Memory,212f8c287a259990288981d6825040d1,4,6.5,7,5,0,63,48,0,2017-03-31 21:07:15,2017-07-25 04:40:22,2017-07-17 20:21:03,R3 Music Box,Byakumu no Mayu ~Ricordando il passato~,EijiKuinbii,6270995,148,うみねこのなく頃に散,visual novel ushiromiya 07th expansion when they cry umineko no naku koro ni chiru quadrocake vad2009 mirash,2,5,112,9.29154,0,0,57720,25188,168,1.2729415893554688,1.1942224502563477,2.506523609161377
184,1015450,2125262,1,346,300,Knox's Decalogue,c19682db40742290bec47f2f67025c7e,4,8.5,8.7,5.7,0,1253,247,1,2019-08-06 15:34:27,2019-10-02 04:02:39,2019-09-23 16:27:18,SB_YUNE,Dread of the grave -more fear-,allein,6221637,156,うみねこのなく頃に,when they cry umineko no naku koro ni visual novel vn 07th expansion,2,5,17,9.16667,0,0,4455,216,1784,2.828831195831299,2.4385077953338623,5.46250057220459
185,536657,1137370,1,88,87,Easy,24ddcd23728b34d034342ea5d6b5dc34,3,2,3,1,0,11,42,1,2016-11-22 13:01:47,2018-01-16 16:40:44,2018-01-08 17:36:40,Shikata Akiko,Katayoku no Tori,Rakuen,2426126,220,うみねこのなく頃に,umineko no naku koro ni walaowey [_-scarlet-_] opening op tv size,3,3,238,9.33951,0,0,32760,17559,219,0.6414312720298767,0.4659634530544281,1.1951285600662231
186,536657,1137329,1,89,89,Normal,4a35a4e45e998350dd3bae0d03cf27fd,3,4,5,3,0,16,105,0,2016-11-22 13:01:47,2018-01-16 16:40:44,2018-01-08 17:36:40,Shikata Akiko,Katayoku no Tori,Rakuen,2426126,220,うみねこのなく頃に,umineko no naku koro ni walaowey [_-scarlet-_] opening op tv size,3,3,238,9.33951,0,0,35658,18081,316,1.1065102815628052,0.9716740250587463,2.1456024646759033
187,536657,1345364,1,89,89,Hard,944d9773cf2df719241c1674a4f5cda1,4,6,7,5,0,105,154,0,2016-11-22 13:01:47,2018-01-16 16:40:44,2018-01-08 17:36:40,Shikata Akiko,Katayoku no Tori,Rakuen,2426126,220,うみねこのなく頃に,umineko no naku koro ni walaowey [_-scarlet-_] opening op tv size,3,3,238,9.33951,0,0,69363,16056,433,1.8482900857925415,1.5841835737228394,3.5645267963409424
188,536657,1370805,1,89,89,Walao's Insane,b8c0eeda6cfd0e557784580cfc15117f,3.8,7,8,6,0,89,205,0,2016-11-22 13:01:47,2018-01-16 16:40:44,2018-01-08 17:36:40,Shikata Akiko,Katayoku no Tori,Rakuen,2426126,220,うみねこのなく頃に,umineko no naku koro ni walaowey [_-scarlet-_] opening op tv size,3,3,238,9.33951,0,0,86535,11142,502,2.1647491455078125,1.7573670148849487,4.125807285308838
189,536657,1345365,1,89,89,Insane,cdde3f648724a92fbc6c3d46984a25a2,4,8,9,6,0,112,211,0,2016-11-22 13:01:47,2018-01-16 16:40:44,2018-01-08 17:36:40,Shikata Akiko,Katayoku no Tori,Rakuen,2426126,220,うみねこのなく頃に,umineko no naku koro ni walaowey [_-scarlet-_] opening op tv size,3,3,238,9.33951,0,0,158742,31014,537,2.657818555831909,1.8682725429534912,4.920864105224609
190,536657,1439489,1,89,89,[ -Scarlet- ]'s Phantasy,5dec0e80bab0b75e2c6eb678e25242c1,4,9,9.3,6,0,160,193,0,2016-11-22 13:01:47,2018-01-16 16:40:44,2018-01-08 17:36:40,Shikata Akiko,Katayoku no Tori,Rakuen,2426126,220,うみねこのなく頃に,umineko no naku koro ni walaowey [_-scarlet-_] opening op tv size,3,3,238,9.33951,0,0,216504,37026,549,2.9821135997772217,2.327178478240967,5.6367597579956055
191,622500,1323235,1,268,240,Riko & Phyl's Normal,fd8f224efc8bdf6d20f46f858274a4a5,3,3,4,3,0,98,180,7,2017-06-04 22:52:03,2018-02-22 15:00:23,2018-02-14 11:57:43,Shikata Akiko,Katayoku no Tori,IceKalt,5410645,220,うみねこのなく頃に,opening japanese blue 古戸 ヱリカ furudo erika umineko no naku koro ni sakurauchi_riko phyloukz imoutosan fushimi_rio loreley namki italian 波乃 渉 namino wataru,3,3,300,9.40091,0,0,13770,4428,726,1.0934315919876099,0.892842173576355,2.0865683555603027
192,622500,1324311,1,268,231,Namki & Ice's Advanced,0967bd7baad117bc15602e87a813c5d1,3.5,4.5,5.5,4.5,0,146,226,4,2017-06-04 22:52:03,2018-02-22 15:00:23,2018-02-14 11:57:43,Shikata Akiko,Katayoku no Tori,IceKalt,5410645,220,うみねこのなく頃に,opening japanese blue 古戸 ヱリカ furudo erika umineko no naku koro ni sakurauchi_riko phyloukz imoutosan fushimi_rio loreley namki italian 波乃 渉 namino wataru,3,3,300,9.40091,0,0,30258,9288,800,1.3358041048049927,1.2157782316207886,2.6115951538085938
193,622500,1410088,1,268,247,Lore & Ice's Hard,934e49485a4553ce68b3b118ec45bc40,3.7,6,7.5,5.6,0,204,376,5,2017-06-04 22:52:03,2018-02-22 15:00:23,2018-02-14 11:57:43,Shikata Akiko,Katayoku no Tori,IceKalt,5410645,220,うみねこのなく頃に,opening japanese blue 古戸 ヱリカ furudo erika umineko no naku koro ni sakurauchi_riko phyloukz imoutosan fushimi_rio loreley namki italian 波乃 渉 namino wataru,3,3,300,9.40091,0,0,54576,9693,1115,1.7940092086791992,1.6918667554855347,3.536947250366211
194,622500,1361543,1,268,243,Rio & Ice's Insane,b529b4e0a87b8ea9509d79672a55be4e,3.5,7.5,8.9,6.1,0,260,382,4,2017-06-04 22:52:03,2018-02-22 15:00:23,2018-02-14 11:57:43,Shikata Akiko,Katayoku no Tori,IceKalt,5410645,220,うみねこのなく頃に,opening japanese blue 古戸 ヱリカ furudo erika umineko no naku koro ni sakurauchi_riko phyloukz imoutosan fushimi_rio loreley namki italian 波乃 渉 namino wataru,3,3,300,9.40091,0,0,109827,23148,1132,2.4441044330596924,1.8988226652145386,4.615568161010742
195,622500,1312305,1,268,240,Final Judgment,29f3a3f2d77200140eb9e25dfae5a679,4.5,8.9,9.3,5.8,0,337,456,5,2017-06-04 22:52:03,2018-02-22 15:00:23,2018-02-14 11:57:43,Shikata Akiko,Katayoku no Tori,IceKalt,5410645,220,うみねこのなく頃に,opening japanese blue 古戸 ヱリカ furudo erika umineko no naku koro ni sakurauchi_riko phyloukz imoutosan fushimi_rio loreley namki italian 波乃 渉 namino wataru,3,3,300,9.40091,0,0,115569,14598,1333,3.1041290760040283,2.1945528984069824,5.753469944000244
196,765863,1610189,1,324,302,Sephiroth,b9196c1b4fafee79c350d19377f7260e,5,8,9.3,4,0,355,492,7,2018-04-16 00:52:45,2018-05-11 14:40:07,2018-05-09 13:43:44,Shikata Akiko,Katayoku no Tori,ScubDomino,8972308,220,うみねこのなく頃に,umineko no naku koro opening ni when they cry anime girl piano transcription arrangement,2,3,90,8.53143,0,0,60048,5589,1461,3.724224328994751,2.13238787651062,6.652530670166016
197,8814,35838,1,89,89,Maria,a0510728f940b31a87e9b10016dc74a2,4,5,5,5,0,103,41,4,2009-08-21 15:42:23,2009-08-31 18:46:59,2009-08-25 20:27:07,Shikata Akiko,Katayoku no Tori (TV Size),yeahyeahyeahhh,58042,110,Umineko no Naku Koro ni,umineko inozuma,3,3,132,8.98225,0,0,236754,65613,233,1.2395389080047607,1.1009496450424194,2.409783124923706
198,8814,35778,1,89,89,Bernkastel,f77ded2eca89be8cd8d3b2923aa2b648,5,7,7,7,0,212,40,2,2009-08-21 15:42:23,2009-08-31 18:46:59,2009-08-25 20:27:07,Shikata Akiko,Katayoku no Tori (TV Size),yeahyeahyeahhh,58042,110,Umineko no Naku Koro ni,umineko inozuma,3,3,132,8.98225,0,0,88203,19029,314,1.63710355758667,1.5131202936172485,3.2122154235839844
199,8814,35776,1,89,89,Beatrice,b604dc5f6c07d71fb824ab12be6105f9,5,8,8,8,0,167,43,3,2009-08-21 15:42:23,2009-08-31 18:46:59,2009-08-25 20:27:07,Shikata Akiko,Katayoku no Tori (TV Size),yeahyeahyeahhh,58042,110,Umineko no Naku Koro ni,umineko inozuma,3,3,132,8.98225,0,0,146956,21828,288,1.8357570171356201,1.3910443782806396,3.44915771484375
200,790050,1657925,1,85,84,lewski's Normal,c908ef0982c93f8253fb64b5151787bc,2,4,6,3,0,44,94,1,2018-05-31 06:24:08,2018-06-17 07:40:12,2018-06-16 15:27:12,Shikata Akiko,Umineko no Naku Koro ni,ScubDomino,8972308,220,うみねこのなく頃に,opening when they cry anime girl 07th expansion lewski cococolaco icekalt short ver. version loli catgirl,2,3,87,9.02365,0,0,10953,3789,312,1.092725157737732,0.9976889491081238,2.137932062149048
201,790050,1657923,1,85,84,Advanced,c20aa7690f77a0afb0d64e6dc115e94c,3.2,6,7,5,0,39,113,1,2018-05-31 06:24:08,2018-06-17 07:40:12,2018-06-16 15:27:12,Shikata Akiko,Umineko no Naku Koro ni,ScubDomino,8972308,220,うみねこのなく頃に,opening when they cry anime girl 07th expansion lewski cococolaco icekalt short ver. version loli catgirl,2,3,87,9.02365,0,0,11619,4212,342,1.237708568572998,1.090205430984497,2.401665449142456
202,790050,1657924,1,85,84,coco's Hard,406d789645ab9152d6c9c7bcda0b4db6,3.7,7,8,5,0,80,138,2,2018-05-31 06:24:08,2018-06-17 07:40:12,2018-06-16 15:27:12,Shikata Akiko,Umineko no Naku Koro ni,ScubDomino,8972308,220,うみねこのなく頃に,opening when they cry anime girl 07th expansion lewski cococolaco icekalt short ver. version loli catgirl,2,3,87,9.02365,0,0,25740,6516,408,1.9385714530944824,1.542237639427185,3.678976058959961
203,790050,1663161,1,85,84,Icekalt's Insane,0efd248cd019d77adf07d6f071d7b4f7,3.6,8,9,5.7,0,94,166,0,2018-05-31 06:24:08,2018-06-17 07:40:12,2018-06-16 15:27:12,Shikata Akiko,Umineko no Naku Koro ni,ScubDomino,8972308,220,うみねこのなく頃に,opening when they cry anime girl 07th expansion lewski cococolaco icekalt short ver. version loli catgirl,2,3,87,9.02365,0,0,32580,7632,466,2.300090789794922,1.9587072134017944,4.429489612579346
204,790050,1657926,1,85,84,Sephiroth,74a627728a31c8c754032707cabe17a8,3,8.6,9.3,6,0,123,177,0,2018-05-31 06:24:08,2018-06-17 07:40:12,2018-06-16 15:27:12,Shikata Akiko,Umineko no Naku Koro ni,ScubDomino,8972308,220,うみねこのなく頃に,opening when they cry anime girl 07th expansion lewski cococolaco icekalt short ver. version loli catgirl,2,3,87,9.02365,0,0,36576,7677,510,2.6268818378448486,2.267876625061035,5.07426118850708
205,897411,2101503,1,269,269,~Collaborazione Folle~,2ae3d395357f22d66aefffebef1216eb,3,8,9.1,5,0,303,574,1,2018-12-22 12:51:57,2019-07-29 21:00:02,2019-07-21 03:41:33,Shikata Akiko,Umineko no Naku Koro ni,ScubDomino,8972308,220,うみねこのなく頃に,when the seagulls cry みとせのりこ mitose noriko 波乃 渉 wataru hano 南 直行 minami naoyuki zero studio rabbit hole studio 田代耕一郎 koichiro tashiro 大貫聖子 seiko ohnuki 安井敬 takashi yasui 大石 真理恵 ooishi marie icekalt minusgrad melwoine saturnalize knil-0003 taito frontier works cd comiket 74 c74 07th expansion 竜騎士07 alchemist rokkenjima 六軒島 ryukishi07 yagikoto2 kotokoto ことコト koto2 japanese fantasy darkwave neoclassical video game melwomino,2,3,41,9.32258,0,0,6030,729,1492,2.613442897796631,2.1327898502349854,4.9865593910217285
206,897411,1874842,1,269,269,~Ricordando il Passato~,17d62fbc93c7ac265892ab7cbabf7f6c,3.6,8.5,9.2,5,0,365,548,1,2018-12-22 12:51:57,2019-07-29 21:00:02,2019-07-21 03:41:33,Shikata Akiko,Umineko no Naku Koro ni,ScubDomino,8972308,220,うみねこのなく頃に,when the seagulls cry みとせのりこ mitose noriko 波乃 渉 wataru hano 南 直行 minami naoyuki zero studio rabbit hole studio 田代耕一郎 koichiro tashiro 大貫聖子 seiko ohnuki 安井敬 takashi yasui 大石 真理恵 ooishi marie icekalt minusgrad melwoine saturnalize knil-0003 taito frontier works cd comiket 74 c74 07th expansion 竜騎士07 alchemist rokkenjima 六軒島 ryukishi07 yagikoto2 kotokoto ことコト koto2 japanese fantasy darkwave neoclassical video game melwomino,2,3,41,9.32258,0,0,6309,1251,1498,3.140885353088379,2.285511016845703,5.85408353805542
207,410530,935402,1,598,479,Insane,a1a140a52bf68a521b8bb28eb1d8ffab,5,7,8,6,0,1432,556,7,2016-01-29 07:30:32,2016-05-26 17:20:06,2016-05-18 18:04:59,Taishi,goldenslaughterer (Taishi's VW2 Edit),Seikatu,654516,138,うみねこのなく頃に,vague in winter 2 code zts label czl when they cry umineko no naku koro ni 07th expansion marathon visual novel,2,3,110,9.12838,0,0,89203,6273,2661,2.031639575958252,2.1116714477539062,4.1833271980285645
208,42789,139227,1,170,130,Easy,6f55ff8336f3ca06f5b2be358cad0ca3,3,1,3,1,0,64,80,3,2012-01-09 21:37:28,2012-03-18 16:31:12,2012-03-17 07:07:54,Taishi,worldenddominator (VW3 the Ending Edit),tieff,89619,142,Umineko No Naku Koro Ni,,2,5,66,9.03238,0,0,15630,7345,292,0.6200870275497437,0.6595335006713867,1.2993438243865967
209,42789,137244,1,170,141,Normal,b94fb47ec7b378a351450169f6917a16,4,5,5,3,0,85,150,2,2012-01-09 21:37:28,2012-03-18 16:31:12,2012-03-17 07:07:54,Taishi,worldenddominator (VW3 the Ending Edit),tieff,89619,142,Umineko No Naku Koro Ni,,2,5,66,9.03238,0,0,31039,11250,548,1.1391018629074097,0.9937904477119446,2.205548048019409
210,42789,134472,1,170,142,Hard,982c96c95f0daba22edba4cd95477518,4,7,8,6,0,150,215,1,2012-01-09 21:37:28,2012-03-18 16:31:12,2012-03-17 07:07:54,Taishi,worldenddominator (VW3 the Ending Edit),tieff,89619,142,Umineko No Naku Koro Ni,,2,5,66,9.03238,0,0,81082,11292,689,2.0278851985931396,1.6689730882644653,3.876314401626587
211,889315,1861098,1,236,224,Normal,3fb1736f7d0a61517b8e8007ec8c849a,3.5,4,5,3,0,156,200,2,2018-12-05 15:32:12,2019-01-19 20:40:04,2019-01-09 16:21:56,zts,death(from stupefaction),Mirash,2841009,141,うみねこのなく頃に,lc la cataline lacataline pandahero 07th expansion musicbox code label umineko no naku koro ni gaap seagulls when they cry,2,5,44,8.84286,0,0,5112,1980,621,1.016899824142456,0.9447260499000549,1.9977128505706787
212,889315,1860936,1,236,219,Hard,a62dcaf8d9405194c847d1452708e9da,4,6,7,5,0,295,280,1,2018-12-05 15:32:12,2019-01-19 20:40:04,2019-01-09 16:21:56,zts,death(from stupefaction),Mirash,2841009,141,うみねこのなく頃に,lc la cataline lacataline pandahero 07th expansion musicbox code label umineko no naku koro ni gaap seagulls when they cry,2,5,44,8.84286,0,0,11520,4095,935,1.4479129314422607,1.5971214771270752,3.119638681411743
213,889315,1858801,1,236,221,La Pandaline's Insane,7ae2764c8d60ee752e612f6cb080837f,4,7,8,6,0,520,250,2,2018-12-05 15:32:12,2019-01-19 20:40:04,2019-01-09 16:21:56,zts,death(from stupefaction),Mirash,2841009,141,うみねこのなく頃に,lc la cataline lacataline pandahero 07th expansion musicbox code label umineko no naku koro ni gaap seagulls when they cry,2,5,44,8.84286,0,0,14598,2196,1060,1.9740769863128662,2.0597152709960938,4.076611042022705
214,889315,1858802,1,236,220,The Portal Demon,17050d1b568aa089e96777f7bf3433f4,4,8,8.5,7,0,632,247,1,2018-12-05 15:32:12,2019-01-19 20:40:04,2019-01-09 16:21:56,zts,death(from stupefaction),Mirash,2841009,141,うみねこのなく頃に,lc la cataline lacataline pandahero 07th expansion musicbox code label umineko no naku koro ni gaap seagulls when they cry,2,5,44,8.84286,0,0,11403,1602,1163,2.095308542251587,2.186060905456543,4.326745510101318
215,339615,758298,1,304,304,Love Letter,909a86b857f1a662b0f5bbcdb304d8c7,4,7,8.5,7,0,667,513,2,2015-07-28 21:03:12,2015-09-19 17:00:07,2015-09-12 15:33:32,zts,dreamenddischarger,EvilElvis,1848318,140,うみねこのなく頃に,code zts label musicbox red czl umineko no naku koro ni irreversible okoratu happy30 natteke damnae marathon visual novel 07th expansion,2,5,87,9.41875,0,0,69457,5655,1757,2.482051134109497,2.1667673587799072,4.806460380554199
216,173810,419859,1,184,180,Normal,7f7e3fb9358b82ea7466a26fa8b98293,3,3,3,2,0,96,72,6,2014-05-10 13:31:28,2014-07-15 22:22:13,2014-07-08 09:04:17,zts,far,Samah,343490,102,Umineko no Naku Koro ni,07th expansion visual novel when they cry,2,5,78,9.27315,0,0,16751,10335,286,0.7941035032272339,0.656743586063385,1.5195270776748657
217,173810,419860,1,184,180,Hard,f74919868de16c600da961ab2d5795a2,4,7,7,7,0,149,140,6,2014-05-10 13:31:28,2014-07-15 22:22:13,2014-07-08 09:04:17,zts,far,Samah,343490,102,Umineko no Naku Koro ni,07th expansion visual novel when they cry,2,5,78,9.27315,0,0,39706,15197,441,1.1229254007339478,1.0882575511932373,2.2285168170928955
218,333965,738959,1,329,321,Insane,7d91d74711068b9fc346b98fe09d0bd3,4,7,8,7,0,774,360,1,2015-07-13 23:33:37,2015-08-03 07:00:14,2015-07-25 23:51:19,zts,lastendconductor,EvilElvis,1848318,139,うみねこのなく頃に散,visual novel marathon ange ushiromiya 07th expansion ep8 umineko no naku koro ni chiru,2,5,74,9.35542,0,0,68827,6974,1534,2.1706526279449463,1.9394817352294922,4.225719928741455
219,685558,1634883,1,215,184,Basic,a202290681b0475c649657aedaa026ea,3,2,3,2,0,111,162,2,2017-10-24 03:50:28,2018-05-21 07:40:09,2018-05-14 07:21:02,zts,lastendconductor,Yohanes,4075595,139,うみねこのなく頃に散,visual novel 右代宮 縁寿 ange ushiromiya 07th expansion ep8 umineko no naku koro ni chiru yaldo_27 mirash pandahero collaboration collab,2,3,66,8.82036,0,0,6228,1791,516,0.9766979813575745,0.9008498191833496,1.9154719114303589
220,685558,1461686,1,214,196,Ordinary,e96a474738fd2b0ed0af87c7c782656f,3.5,4,5,3,0,92,219,2,2017-10-24 03:50:28,2018-05-21 07:40:09,2018-05-14 07:21:02,zts,lastendconductor,Yohanes,4075595,139,うみねこのなく頃に散,visual novel 右代宮 縁寿 ange ushiromiya 07th expansion ep8 umineko no naku koro ni chiru yaldo_27 mirash pandahero collaboration collab,2,3,66,8.82036,0,0,11781,3753,618,1.2170337438583374,1.009027123451233,2.330064296722412
221,685558,1457087,1,215,196,Challenging,4ecf086e2f052b8ef408c326508a9d6f,4,6,7.5,5,0,306,249,1,2017-10-24 03:50:28,2018-05-21 07:40:09,2018-05-14 07:21:02,zts,lastendconductor,Yohanes,4075595,139,うみねこのなく頃に散,visual novel 右代宮 縁寿 ange ushiromiya 07th expansion ep8 umineko no naku koro ni chiru yaldo_27 mirash pandahero collaboration collab,2,3,66,8.82036,0,0,18468,3087,837,1.820007085800171,1.6362417936325073,3.5481317043304443
222,685558,1451093,1,215,199,Intricate,a36dc48f67d7908d8031a7505a08f545,4.2,7.5,8.5,6,0,495,235,1,2017-10-24 03:50:28,2018-05-21 07:40:09,2018-05-14 07:21:02,zts,lastendconductor,Yohanes,4075595,139,うみねこのなく頃に散,visual novel 右代宮 縁寿 ange ushiromiya 07th expansion ep8 umineko no naku koro ni chiru yaldo_27 mirash pandahero collaboration collab,2,3,66,8.82036,0,0,29610,4149,974,2.2302439212799072,1.8672847747802734,4.279008388519287
223,907805,1905340,1,235,216,Seikatu's Normal,af3d830f4d73d7c97b9b556865abbb5a,3.7,4,5,4,0,143,269,4,2019-01-08 18:29:54,2019-01-30 16:20:07,2019-01-20 18:49:41,zts,liberatedliberator,deetz,3513559,140,うみねこのなく頃に散,rlc la cataline dada seikatu 07th expansion umineko no naku koro ni chiru battler ushiromiya lacataline liberatedliberater,2,5,76,8.88235,0,0,12294,3996,703,1.1140795946121216,1.1059987545013428,2.224118709564209
224,907805,1894749,1,235,197,Light Hard,ffe2d263cc7072ccc1eab58e8c3df8fc,4,6,7.5,5,0,342,234,3,2019-01-08 18:29:54,2019-01-30 16:20:07,2019-01-20 18:49:41,zts,liberatedliberator,deetz,3513559,140,うみねこのなく頃に散,rlc la cataline dada seikatu 07th expansion umineko no naku koro ni chiru battler ushiromiya lacataline liberatedliberater,2,5,76,8.88235,0,0,13554,1863,907,1.6650642156600952,1.6384081840515137,3.316800594329834
225,907805,1894444,1,235,222,LC's Hard,29555d419164ed534affc7033bceb3ab,4,6,8,6,0,344,300,5,2019-01-08 18:29:54,2019-01-30 16:20:07,2019-01-20 18:49:41,zts,liberatedliberator,deetz,3513559,140,うみねこのなく頃に散,rlc la cataline dada seikatu 07th expansion umineko no naku koro ni chiru battler ushiromiya lacataline liberatedliberater,2,5,76,8.88235,0,0,14850,2727,999,1.9718323945999146,1.864762783050537,3.890130043029785
226,907805,1902670,1,235,221,Dada's Insane,1a968d17ee245471c5d6a8c08a4945d5,4,7.5,8,6,0,707,179,3,2019-01-08 18:29:54,2019-01-30 16:20:07,2019-01-20 18:49:41,zts,liberatedliberator,deetz,3513559,140,うみねこのなく頃に散,rlc la cataline dada seikatu 07th expansion umineko no naku koro ni chiru battler ushiromiya lacataline liberatedliberater,2,5,76,8.88235,0,0,20763,2583,1115,1.959604024887085,2.0998668670654297,4.129602432250977
227,907805,1894443,1,235,221,Dawn,f5d28a6ca9be75015ba5a88bfbdca1df,4,8,8.8,5,0,534,281,2,2019-01-08 18:29:54,2019-01-30 16:20:07,2019-01-20 18:49:41,zts,liberatedliberator,deetz,3513559,140,うみねこのなく頃に散,rlc la cataline dada seikatu 07th expansion umineko no naku koro ni chiru battler ushiromiya lacataline liberatedliberater,2,5,76,8.88235,0,0,16812,3042,1141,2.198601245880127,1.993219017982483,4.294511318206787
228,652668,1383875,1,332,328,Insane,677915fee7b97605b0a08cc2bb473f96,4,8,8,7,0,896,317,3,2017-08-11 14:42:25,2017-09-11 23:00:08,2017-09-02 16:23:39,zts,miragecoordinator,Mirash,2841009,150,うみねこのなく頃に,jounzan evilelvis v2 code zts label musicbox red czl umineko no naku koro ni marathon visual novel vn 07th expansion,2,5,95,8.77444,0,0,70794,2691,1621,2.180790424346924,2.329162836074829,4.584139347076416
229,652668,1383876,1,332,328,Perversion,c90b03819eb2914c162ae7f5305e400f,4,8,8,7,0,1028,255,3,2017-08-11 14:42:25,2017-09-11 23:00:08,2017-09-02 16:23:39,zts,miragecoordinator,Mirash,2841009,150,うみねこのなく頃に,jounzan evilelvis v2 code zts label musicbox red czl umineko no naku koro ni marathon visual novel vn 07th expansion,2,5,95,8.77444,0,0,51669,2493,1633,2.5651869773864746,2.2379539012908936,4.966757297515869
230,304672,719778,1,246,201,Simple,84562caf3b362571f2190d04982546d5,2.5,3,3,2,0,54,164,1,2015-04-18 23:05:34,2015-10-20 19:40:08,2015-10-09 17:13:44,zts,resurrectedreplayer,EvilElvis,1848318,140,うみねこのなく頃に散,umineko no naku koro ni chiru rui ryuu seikatu -kevincela- when they cry visual novel 07th expansion うみねこのなく頃に散 musicbox red code label czl,2,5,91,9.34733,0,0,8511,4127,501,0.8463701605796814,0.7687812447547913,1.653945803642273
231,304672,786553,1,248,205,Ordinary,26fb140ddb6fa1ff0616512a38005dae,3.5,5,5,4,0,105,238,1,2015-04-18 23:05:34,2015-10-20 19:40:08,2015-10-09 17:13:44,zts,resurrectedreplayer,EvilElvis,1848318,140,うみねこのなく頃に散,umineko no naku koro ni chiru rui ryuu seikatu -kevincela- when they cry visual novel 07th expansion うみねこのなく頃に散 musicbox red code label czl,2,5,91,9.34733,0,0,17360,4563,648,1.307678461074829,1.1320849657058716,2.527560234069824
232,304672,696177,1,247,204,Difficult,b3c61296c09a2ea6be30c57a9a12b44b,4,6,7.5,5,0,264,331,2,2015-04-18 23:05:34,2015-10-20 19:40:08,2015-10-09 17:13:44,zts,resurrectedreplayer,EvilElvis,1848318,140,うみねこのなく頃に散,umineko no naku koro ni chiru rui ryuu seikatu -kevincela- when they cry visual novel 07th expansion うみねこのなく頃に散 musicbox red code label czl,2,5,91,9.34733,0,0,24345,4768,965,1.5556975603103638,1.5707030296325684,3.1339032649993896
233,304672,693412,1,247,221,Intricate,935e444946ee090f6758cafc61a00945,4,7,8.5,7,0,488,332,2,2015-04-18 23:05:34,2015-10-20 19:40:08,2015-10-09 17:13:44,zts,resurrectedreplayer,EvilElvis,1848318,140,うみねこのなく頃に散,umineko no naku koro ni chiru rui ryuu seikatu -kevincela- when they cry visual novel 07th expansion うみねこのなく頃に散 musicbox red code label czl,2,5,91,9.34733,0,0,30476,3133,1205,2.124511480331421,2.0453128814697266,4.209423542022705
234,304672,682520,1,247,223,THE GREAT DETECTIVE,d28c08c113b0dd4d99bb0c65714a7081,4,7,8.5,7,0,556,278,1,2015-04-18 23:05:34,2015-10-20 19:40:08,2015-10-09 17:13:44,zts,resurrectedreplayer,EvilElvis,1848318,140,うみねこのなく頃に散,umineko no naku koro ni chiru rui ryuu seikatu -kevincela- when they cry visual novel 07th expansion うみねこのなく頃に散 musicbox red code label czl,2,5,91,9.34733,0,0,38811,4335,1165,2.220395088195801,2.061310291290283,4.361247539520264
235,342360,757168,1,232,188,Sieg's Normal,f34a6ea194193e5747c481277a4bbc5b,3.5,3.5,4.5,3.5,0,115,123,2,2015-08-05 17:30:43,2015-09-11 16:00:19,2015-09-04 15:48:24,zts,the executioner,-kevincela-,266596,134,うみねこのなく頃に散,07th expansion sieg umineko no naku koro ni chiru czl code zts label musicbox red,2,5,166,9.26018,0,0,22828,10574,416,0.8970451951026917,0.8177180886268616,1.7544268369674683
236,342360,758167,1,232,188,Advanced,546e8c87f38f477016b0b715206b96d8,4,5,6,4,0,136,178,2,2015-08-05 17:30:43,2015-09-11 16:00:19,2015-09-04 15:48:24,zts,the executioner,-kevincela-,266596,134,うみねこのなく頃に散,07th expansion sieg umineko no naku koro ni chiru czl code zts label musicbox red,2,5,166,9.26018,0,0,37192,14394,674,1.28667151927948,1.045395016670227,2.452704668045044
237,342360,758016,1,232,188,Hard,9776d205c3d3c058e147e9747618420c,4,6,7,5,0,252,248,4,2015-08-05 17:30:43,2015-09-11 16:00:19,2015-09-04 15:48:24,zts,the executioner,-kevincela-,266596,134,うみねこのなく頃に散,07th expansion sieg umineko no naku koro ni chiru czl code zts label musicbox red,2,5,166,9.26018,0,0,77178,20205,854,1.6750603914260864,1.6199876070022583,3.322584390640259
238,342360,756752,1,232,187,Insane,355b6b8773c7cba5a430e9bedca2aa29,4,7,8.3,6.5,0,503,250,1,2015-08-05 17:30:43,2015-09-11 16:00:19,2015-09-04 15:48:24,zts,the executioner,-kevincela-,266596,134,うみねこのなく頃に散,07th expansion sieg umineko no naku koro ni chiru czl code zts label musicbox red,2,5,166,9.26018,0,0,108745,10499,1076,2.184948682785034,2.0750200748443604,4.314932823181152
239,49916,208357,1,119,104,Easy,07f32b62f8bdeee0b875dceb1087c1e7,3,1,2,1,0,56,54,2,2012-05-03 15:13:21,2013-02-02 12:10:13,2013-02-02 12:08:19,Zwei,Inanna no Mita Yume (Short Ver.),Natsume,955143,146,Umineko no Naku Koro ni Chiru ~Shinjitsu to Gensou no Yasoukyoku~,when they cry ps3 07th expansion sun rainbow alchemist -bakari- black_cherry_ita bci deif,2,3,103,9.264,0,0,16659,9916,216,0.7980598211288452,0.7186123132705688,1.5563958883285522
240,49916,208053,1,119,104,Normal,653ecc15bd1dba18ce415130196b4601,3,2,3,2,0,72,73,2,2012-05-03 15:13:21,2013-02-02 12:10:13,2013-02-02 12:08:19,Zwei,Inanna no Mita Yume (Short Ver.),Natsume,955143,146,Umineko no Naku Koro ni Chiru ~Shinjitsu to Gensou no Yasoukyoku~,when they cry ps3 07th expansion sun rainbow alchemist -bakari- black_cherry_ita bci deif,2,3,103,9.264,0,0,27359,13781,256,0.9819715619087219,0.8627161383628845,1.90431547164917
241,49916,169612,1,119,104,Hard,5eba80b2a004c05d3582cd53ac1c50f0,4,5,6,4,0,145,66,2,2012-05-03 15:13:21,2013-02-02 12:10:13,2013-02-02 12:08:19,Zwei,Inanna no Mita Yume (Short Ver.),Natsume,955143,146,Umineko no Naku Koro ni Chiru ~Shinjitsu to Gensou no Yasoukyoku~,when they cry ps3 07th expansion sun rainbow alchemist -bakari- black_cherry_ita bci deif,2,3,103,9.264,0,0,45240,17678,308,1.3403823375701904,1.2277185916900635,2.6244328022003174
242,49916,169611,1,117,102,BCI's Hard,d50c2dce0571bf55f6bc6ffb662b64d2,4,6,7,5,0,107,124,3,2012-05-03 15:13:21,2013-02-02 12:10:13,2013-02-02 12:08:19,Zwei,Inanna no Mita Yume (Short Ver.),Natsume,955143,146,Umineko no Naku Koro ni Chiru ~Shinjitsu to Gensou no Yasoukyoku~,when they cry ps3 07th expansion sun rainbow alchemist -bakari- black_cherry_ita bci deif,2,3,103,9.264,0,0,41804,14880,385,1.510317325592041,1.4276182651519775,2.97928524017334
243,49916,167261,1,119,104,Bakari's Insane,a2d5256db635f61780e2a3d51035ff0c,4,7,8,7,0,159,128,4,2012-05-03 15:13:21,2013-02-02 12:10:13,2013-02-02 12:08:19,Zwei,Inanna no Mita Yume (Short Ver.),Natsume,955143,146,Umineko no Naku Koro ni Chiru ~Shinjitsu to Gensou no Yasoukyoku~,when they cry ps3 07th expansion sun rainbow alchemist -bakari- black_cherry_ita bci deif,2,3,103,9.264,0,0,57177,19488,441,1.6409083604812622,1.6100990772247314,3.2664120197296143
244,49916,153679,1,119,104,Insane,79a835a755f26a92e1a3314e710e93aa,4,8,9,8,0,330,109,1,2012-05-03 15:13:21,2013-02-02 12:10:13,2013-02-02 12:08:19,Zwei,Inanna no Mita Yume (Short Ver.),Natsume,955143,146,Umineko no Naku Koro ni Chiru ~Shinjitsu to Gensou no Yasoukyoku~,when they cry ps3 07th expansion sun rainbow alchemist -bakari- black_cherry_ita bci deif,2,3,103,9.264,0,0,105155,12358,573,2.6764609813690186,2.0059704780578613,5.017676830291748
