,user_id,username
0,4844496,Conyoh
1,6373382,AmericanPenguin
2,7119659,Amuro
3,6404027,Bartek22830
4,3274346,Blairzey
5,7941423,chezbananas
6,4732944,ChitogeOP
7,9119507,Dada
8,7601598,domplayer
9,5370153,Exarch
10,4497691,Fangzy
11,959763,Flask
12,3696423,not very smart
13,1874761,hallowatcher
14,3181083,AJT
15,5155973,Rizer
16,4384207,DigitalHypno
17,7010761,Kingling
18,4595465,lespi6
19,6502403,Lilily
20,7959222,majoreh
21,6036351,M I L E S
22,4262229,sinn
23,4899393,pajwoj
24,2212941,Pein
25,8170186,twoja stara
26,2803031,Vinswag
27,6399568,YokesPai
28,3543130,twoj stary
29,8185366,Best459
30,7910282,ddm
31,6119147,SlimeDrippy
32,3898396,Eddie-
33,12534498,Geuse
34,3792472,Woey
35,2395405,Marek Marucha
36,6362900,mook
37,9622163,sut_son
38,4909088,Will Stetson
39,7031287,Yuuki-chan
40,6668666,Cappy
